InstanceInst.,StatusStat.,VariablesVari.,BinariesBina.,IntegersInte.,ContinuousCont.,ConstraintsCons.,Nonz.Nonz.,,GroupGrou.,ObjectiveObje.,
10teams,easy,2025,1800,0,225,230,12150,,–,924,10teams.mps
22433,easy,429,231,0,198,198,3408,,–,21477,22433.mps
23588,easy,368,231,0,137,137,3701,,–,8090,23588.mps
2club200v15p5scn,hard,200,200,0,0,17013,104811,,–,-70,2club200v15p5scn.mps
30_70_45_05_100,easy,10772,10771,0,1,12050,45889,,30_70,9,30_70_45_05_100.mps
30_70_45_095_100,easy,10976,10975,0,1,12526,46640,,30_70,3,30_70_45_095_100.mps
30_70_45_095_98,easy,10990,10989,0,1,12471,46387,,30_70,12,30_70_45_095_98.mps
30n20b8,easy,18380,18318,62,0,576,109706,,–,302,30n20b8.mps
50v-10,easy,2013,1464,183,366,233,2745,,–,3311.1799841,50v-10.mps
8div-n59k10,hard,6143,6138,5,0,2065,539151,,8div,Infeasible,8div-n59k10.mps
8div-n59k11,hard,12287,12282,5,0,4114,2126864,,8div,Infeasible,8div-n59k11.mps
8div-n59k12,hard,24575,24570,5,0,8211,8448017,,8div,Infeasible,8div-n59k12.mps
a1c1s1,easy,3648,192,0,3456,3312,10178,,c1s1,11503.444125,a1c1s1.mps
a2864-99blp,open,200787,200787,0,0,22117,20078717,,selofsubspaces,-257*,a2864-99blp.mps
a2c1s1,easy,3648,192,0,3456,3312,10178,,c1s1,10889.137625,a2c1s1.mps
ab51-40-100,easy,12675,12675,0,0,11893,72745,,ab,-10420305975,ab51-40-100.mps
ab67-40-100,easy,12812,12812,0,0,12092,75871,,ab,-11186253442,ab67-40-100.mps
ab69-40-100,easy,12622,12622,0,0,11911,74233,,ab,-11186281442,ab69-40-100.mps
ab71-20-100,easy,6689,6689,0,0,6380,41961,,ab,-10420305975,ab71-20-100.mps
ab72-40-100,easy,12370,12370,0,0,11671,72137,,ab,-11186620442,ab72-40-100.mps
academictimetablebig,hard,168974,168974,0,0,167661,1545375,,–,427,academictimetablebig.mps
academictimetablesmall,easy,28926,28926,0,0,23294,268350,,–,0,academictimetablesmall.mps
acc-tight2,easy,1620,1620,0,0,2520,15327,,acc-tight,0,acc-tight2.mps
acc-tight4,easy,1620,1620,0,0,3285,17073,,acc-tight,0,acc-tight4.mps
acc-tight5,easy,1339,1339,0,0,3052,16134,,acc-tight,0,acc-tight5.mps
adult-max5features,hard,32674,32597,41,36,32709,417567,,ustun,5642.12193889542,adult-max5features.mps
adult-regularized,open,32674,32597,41,36,32709,417567,,ustun,7022.953543477999*,adult-regularized.mps
aflow30a,easy,842,421,0,421,479,2091,,aflow,1158,aflow30a.mps
aflow40b,easy,2728,1364,0,1364,1442,6783,,aflow,1168,aflow40b.mps
air03,easy,10757,10757,0,0,124,91028,,air,340160,air03.mps
air04,easy,8904,8904,0,0,823,72965,,air,56137,air04.mps
air05,easy,7195,7195,0,0,426,52121,,air,26374,air05.mps
aligninq,easy,1831,1830,0,1,340,15734,,–,2713,aligninq.mps
allcolor10,hard,14872,476,13776,620,34014,89136,,allcolor,6,allcolor10.mps
allcolor58,open,84376,2492,78288,3596,197154,515184,,allcolor,258.0*,allcolor58.mps
amaze22012-03-15i,easy,94351,31870,2770,59711,126975,251822,,amaze,0,amaze22012-03-15i.mps
amaze22012-06-28i,easy,12691,4376,914,7401,17319,33831,,amaze,0,amaze22012-06-28i.mps
amaze22012-07-04i,hard,31237,10654,1603,18980,42328,83384,,amaze,0,amaze22012-07-04i.mps
app1-1,easy,2480,1225,0,1255,4926,18275,,app,-3,app1-1.mps
app1-2,easy,26871,13300,0,13571,53467,199175,,app,-41,app1-2.mps
app2-1,easy,3283,3283,0,0,1038,8652,,app,19294.125,app2-1.mps
app2-2,easy,1226,1226,0,0,335,3130,,app,212040.3571429,app2-2.mps
app3,easy,3080,100,0,2980,766,14707,,app,5751714.3289,app3.mps
arki001,easy,1388,442,96,850,1048,20420,,–,7580813.0459,arki001.mps
assign1-10-4,open,572,520,0,52,582,28280,,assign1,422*,assign1-10-4.mps
assign1-5-8,easy,156,130,0,26,161,3720,,assign1,211.999999999998,assign1-5-8.mps
atlanta-ip,easy,48738,46667,106,1965,21732,257532,,–,90.009878614,atlanta-ip.mps
atm20-100,hard,6480,2220,0,4260,4380,58878,,–,2463621.57727541,atm20-100.mps
australia-abs-cta,easy,49758,918,0,48840,3946,33792,,cta,106.058909602874,australia-abs-cta.mps
b-ball,easy,100,88,0,12,30,209,,–,-1.50000000000001,b-ball.mps
b1c1s1,easy,3872,288,0,3584,3904,11408,,c1s1,24544.25,b1c1s1.mps
b2c1s1,easy,3872,288,0,3584,3904,11408,,c1s1,25687.9,b2c1s1.mps
bab1,hard,61152,61152,0,0,60680,854392,,bab,-218764.88525,bab1.mps
bab2,hard,147912,147912,0,0,17245,2027726,,bab,-357544.3115,bab2.mps
bab3,open,393800,393800,0,0,23069,3301838,,bab,-656214.9542*,bab3.mps
bab5,easy,21600,21600,0,0,4964,155520,,bab,-106411.8401,bab5.mps
bab6,hard,114240,114240,0,0,29904,1283181,,bab,-284248.2307,bab6.mps
bc,easy,1751,483,0,1268,1913,227072,,bc,7,bc.mps
bc1,easy,1751,252,0,1499,1913,227072,,bc,3.3383625476,bc1.mps
beasleyC1,easy,2500,1250,0,1250,1750,5000,,beasley,85,beasleyC1.mps
beasleyC2,easy,2500,1250,0,1250,1750,5000,,beasley,144,beasleyC2.mps
beasleyC3,easy,2500,1250,0,1250,1750,5000,,beasley,753.999999999913,beasleyC3.mps
beavma,easy,390,195,0,195,372,975,,–,383285,beavma.mps
berlin,easy,5304,2652,0,2652,2704,10608,,–,1043.99999999714,berlin.mps
berlin_5_8_0,easy,1083,794,0,289,1532,4507,,–,62,berlin_5_8_0.mps
bg512142,hard,792,240,0,552,1307,3953,,–,184202.75,bg512142.mps
bharat,open,590519,122614,0,467905,1299953,3565462,,–,4170993.421512462*,bharat.mps
biella1,easy,7328,6110,0,1218,1203,71489,,–,3065005.78,biella1.mps
bienst1,easy,505,28,0,477,576,2184,,–,46.7499999999999,bienst1.mps
bienst2,easy,505,35,0,470,576,2184,,–,54.6,bienst2.mps
binkar10_1,easy,2298,170,0,2128,1026,4496,,–,6742.1998835,binkar10_1.mps
blend2,easy,353,239,25,89,274,1409,,–,7.598985,blend2.mps
bley_xl1,easy,5831,5831,0,0,175620,869391,,bley_x,190,bley_xl1.mps
bley_xs1,open,3243,2360,883,0,3290,25762,,bley_x,3873690.77*,bley_xs1.mps
bley_xs1noM,open,3243,2360,883,0,3290,25762,,bley_x,3873690.77*,bley_xs1noM.mps
bley_xs2,easy,2515,1632,883,0,2257,20861,,bley_x,1051266.38,bley_xs2.mps
blp-ar98,easy,16021,15806,0,215,1128,200601,,blp,6205.2147104,blp-ar98.mps
blp-ic97,easy,9845,9753,0,92,923,118149,,blp,4025.0235808,blp-ic97.mps
blp-ic98,easy,13640,13550,0,90,717,191947,,blp,4491.44758395,blp-ic98.mps
blp-ir98,easy,6097,6031,0,66,486,79152,,blp,2342.315488,blp-ir98.mps
bmocbd,easy,404875,125752,0,279123,153324,1277334,,bmocbd,-32041010095050,bmocbd.mps
bmocbd2,easy,403771,125467,0,278304,152791,1274240,,bmocbd,-31953010000000,bmocbd2.mps
bmocbd3,open,403771,125467,0,278304,152791,1274240,,bmocbd,-372986719.737107*,bmocbd3.mps
bmoipr2,easy,20503,8434,0,12069,13897,54649,,–,-46416168.2981393,bmoipr2.mps
bnatt400,easy,3600,3600,0,0,5614,21698,,bnatt,1,bnatt400.mps
bnatt500,easy,4500,4500,0,0,7029,27203,,bnatt,Infeasible,bnatt500.mps
bppc4-08,easy,1456,1454,0,2,111,23964,,bppc,53,bppc4-08.mps
bppc6-02,hard,4784,4782,0,2,309,188143,,bppc,116,bppc6-02.mps
bppc6-06,open,3922,3920,0,2,273,181510,,bppc,208*,bppc6-06.mps
bppc8-02,easy,232,229,1,2,59,4387,,bppc,507,bppc8-02.mps
bppc8-09,easy,431,423,6,2,67,9051,,bppc,472,bppc8-09.mps
brasil,easy,6612,3306,0,3306,3364,13224,,–,13655,brasil.mps
brazil3,easy,23968,23874,94,0,14646,133184,,timetabling,24,brazil3.mps
breastcancer-regularized,easy,715,692,14,9,723,8283,,ustun,35.7678421052632,breastcancer-regularized.mps
bts4-cta,open,75400,2260,0,73140,45350,291904,,cta,472243.4174959*,bts4-cta.mps
buildingenergy,easy,154978,0,26287,128691,277594,788969,,–,33283.853236,buildingenergy.mps
cap6000,easy,6000,6000,0,0,2176,48243,,–,-2451377,cap6000.mps
cbs-cta,easy,24793,2467,0,22326,10112,64388,,cta,0,cbs-cta.mps
cdc7-4-3-2,open,11811,11811,0,0,14478,259842,,–,-296.0*,cdc7-4-3-2.mps
cdma,open,7891,4235,0,3656,9095,168227,,–,-2.48e+16*,cdma.mps
chromaticindex1024-7,easy,73728,73728,0,0,67583,270324,,chromaticindex,4,chromaticindex1024-7.mps
chromaticindex128-5,easy,9216,9216,0,0,8447,33780,,chromaticindex,4,chromaticindex128-5.mps
chromaticindex256-8,easy,18432,18432,0,0,16895,67572,,chromaticindex,4,chromaticindex256-8.mps
chromaticindex32-8,easy,2304,2304,0,0,2111,8436,,chromaticindex,4,chromaticindex32-8.mps
chromaticindex512-7,easy,36864,36864,0,0,33791,135156,,chromaticindex,4,chromaticindex512-7.mps
ci-s4,easy,745,355,150,240,26159,129124,,–,3336.23984845,ci-s4.mps
circ10-3,open,2700,2700,0,0,42620,307320,,–,258.0*,circ10-3.mps
cmflsp40-24-10-7,hard,13200,1200,0,12000,2825,127736,,cmflsp,51664409.2721,cmflsp40-24-10-7.mps
cmflsp40-36-2-10,open,28152,1512,0,26640,4266,386432,,cmflsp,66452235.08297937*,cmflsp40-36-2-10.mps
cmflsp50-24-10-4,easy,16440,1440,0,15000,3527,159605,,cmflsp,58988866.7484,cmflsp50-24-10-4.mps
cmflsp50-24-8-8,easy,16392,1392,0,15000,3520,158622,,cmflsp,55789389.886,cmflsp50-24-8-8.mps
cmflsp60-36-2-6,open,42192,2232,0,39960,6388,581335,,cmflsp,73891245.38458699*,cmflsp60-36-2-6.mps
CMS750_4,easy,11697,7196,0,4501,16381,44903,,–,252,CMS750_4.mps
co-100,easy,48417,48417,0,0,2187,1995817,,–,2639942.06,co-100.mps
cod105,easy,1024,1024,0,0,1024,57344,,–,-12,cod105.mps
comp07-2idx,easy,17264,17155,109,0,21235,86577,,coursetimetabling,6,comp07-2idx.mps
comp08-2idx,easy,11554,11487,67,0,12536,51608,,coursetimetabling,37,comp08-2idx.mps
comp12-2idx,open,11863,11820,43,0,16803,73677,,coursetimetabling,277.0*,comp12-2idx.mps
comp16-3idx,hard,64193,56745,14,7434,71594,347276,,coursetimetabling,18,comp16-3idx.mps
comp21-2idx,easy,10863,10792,71,0,14038,57301,,coursetimetabling,74,comp21-2idx.mps
control20-5-10-5,easy,1310,100,0,1210,2430,14710,,control,406205618311810,control20-5-10-5.mps
control30-3-2-3,easy,332,90,0,242,512,1472,,control,-17.25658927192,control30-3-2-3.mps
control30-5-10-4,easy,1960,150,0,1810,3640,21460,,control,Infeasible,control30-5-10-4.mps
core2536-691,easy,15293,15284,0,9,2539,177739,,core,689,core2536-691.mps
core2586-950,open,13226,13215,0,11,2589,104678,,core,944.0*,core2586-950.mps
core4284-1064,open,21714,21705,0,9,4287,245121,,core,1062.0*,core4284-1064.mps
core4872-1529,open,24656,24645,0,11,4875,218762,,core,1530.0*,core4872-1529.mps
cost266-UUE,easy,4161,171,0,3990,1446,12312,,network_design,25148940.56,cost266-UUE.mps
cryptanalysiskb128n5obj14,hard,48950,47830,1120,0,98021,292875,,cryptanalysis,Infeasible,cryptanalysiskb128n5obj14.mps
cryptanalysiskb128n5obj16,easy,48950,47830,1120,0,98021,292875,,cryptanalysis,0,cryptanalysiskb128n5obj16.mps
csched007,easy,1758,1457,0,301,351,6379,,csched,350.999999999996,csched007.mps
csched008,easy,1536,1284,0,252,351,5687,,csched,173,csched008.mps
csched010,easy,1758,1457,0,301,351,6376,,csched,407.999999999994,csched010.mps
cvrpa-n64k9vrpi,open,312726,48192,2259,262275,550111,1064702,,vrp,2042.0*,cvrpa-n64k9vrpi.mps
cvrpb-n45k5vrpi,open,153202,23625,1575,128002,268835,519556,,pb-,775*,cvrpb-n45k5vrpi.mps
cvrpp-n16k8vrpi,open,18294,2832,531,14931,31615,60544,,vrp,450*,cvrpp-n16k8vrpi.mps
cvrpsimple2i,easy,4166,648,243,3275,7023,13248,,vrp,34,cvrpsimple2i.mps
cvs08r139-94,easy,1864,1864,0,0,2398,6456,,cvs,-116,cvs08r139-94.mps
cvs16r106-72,easy,2848,2848,0,0,3608,9888,,cvs,-81,cvs16r106-72.mps
cvs16r128-89,easy,3472,3472,0,0,4633,12528,,cvs,-97,cvs16r128-89.mps
cvs16r70-62,easy,2112,2112,0,0,3278,8512,,cvs,-42,cvs16r70-62.mps
cvs16r89-60,easy,2384,2384,0,0,3068,8368,,cvs,-65,cvs16r89-60.mps
d20200,open,4000,4000,0,0,1502,189389,,–,12237.0*,d20200.mps
dale-cta,easy,37951,4923,0,33028,20097,105440,,cta,0,dale-cta.mps
dano3_3,easy,13873,69,0,13804,3202,79655,,dano,576.34463303,dano3_3.mps
dano3_5,easy,13873,115,0,13758,3202,79655,,dano,576.924915956562,dano3_5.mps
dano3mip,open,13873,552,0,13321,3202,79655,,dano,664.0208333333334*,dano3mip.mps
danoint,easy,521,56,0,465,664,3232,,dano,65.6666666666,danoint.mps
datt256,open,262144,262144,0,0,11077,1503732,,–,NA,datt256.mps
dc1c,hard,10039,8380,0,1659,1649,121158,,–,1767903.6501,dc1c.mps
dc1l,open,37297,35638,0,1659,1653,448754,,–,1758672.6701*,dc1l.mps
dcmulti,easy,548,75,0,473,290,1315,,–,188182,dcmulti.mps
decomp1,easy,10735,10735,0,0,8357,47889,,–,-120,decomp1.mps
decomp2,easy,14387,14387,0,0,10765,64073,,–,-160,decomp2.mps
dell,easy,626,105,0,521,500,4580,,–,Infeasible,dell.mps
dfn-bwin-DBE,open,3285,2475,0,810,235,9855,,network_design,73623.79*,dfn-bwin-DBE.mps
dg012142,hard,2080,640,0,1440,6310,14795,,–,2300867,dg012142.mps
diameterc-mstc-v20a190d5i,easy,10613,5053,4352,1208,19686,38503,,diameterc,414,diameterc-mstc-v20a190d5i.mps
diameterc-msts-v40a100d5i,easy,14629,5611,5304,3714,21131,40288,,diameterc,729,diameterc-msts-v40a100d5i.mps
disctom,easy,10000,10000,0,0,399,30000,,–,-5000,disctom.mps
dlr1,open,9142907,0,124217,9018690,1735470,18365107,,–,2708148.95990256*,dlr1.mps
dlr2,open,38868107,0,532697,38335410,7132926,78091589,,–,18311711.89666227*,dlr2.mps
dolom1,hard,11612,9720,0,1892,1803,190413,,–,6609253,dolom1.mps
drayage-100-12,easy,11090,11025,0,65,4630,41550,,drayage,94941.5891075,drayage-100-12.mps
drayage-100-23,easy,11090,11025,0,65,4630,41550,,drayage,103333.87407,drayage-100-23.mps
drayage-25-23,easy,11090,11025,0,65,4630,41550,,drayage,101282.647018,drayage-25-23.mps
drayage-25-27,easy,11090,11025,0,65,4630,41550,,drayage,102183.505325,drayage-25-27.mps
drayage-25-32,easy,11090,11025,0,65,4630,41550,,drayage,91395.84915,drayage-25-32.mps
ds,hard,67732,67732,0,0,656,1024059,,–,93.52,ds.mps
ds-big,open,174997,174997,0,0,1042,4623442,,–,195.498997075249*,ds-big.mps
dsbmip,easy,1886,192,0,1694,1182,7366,,–,-305.19817501,dsbmip.mps
dws008-01,easy,11096,6608,0,4488,6064,56400,,dws,37412.6045879451,dws008-01.mps
dws008-03,hard,32280,18928,0,13352,16344,165168,,dws,62831.7633546923,dws008-03.mps
dws012-01,open,26148,15576,0,10572,14280,132936,,dws,82030.53014261134*,dws012-01.mps
dws012-02,open,51108,30096,0,21012,26382,261120,,dws,122074.2013795086*,dws012-02.mps
dws012-03,open,76068,44616,0,31452,38484,389304,,dws,140473.60932083728*,dws012-03.mps
eil33-2,easy,4516,4516,0,0,32,44243,,eil,934.007915999999,eil33-2.mps
eilA101-2,easy,65832,65832,0,0,100,959373,,eil,880.920108,eilA101-2.mps
eilC76-2,easy,28599,28599,0,0,75,314837,,eil,762.514781999996,eilC76-2.mps
ej,easy,3,0,3,0,1,3,,–,25508,ej.mps
elitserienhandball11i,hard,32679,16944,6952,8783,35580,99071,,elitserienhandball,3,elitserienhandball11i.mps
elitserienhandball13i,hard,32791,16976,6976,8839,35758,99381,,elitserienhandball,5,elitserienhandball13i.mps
elitserienhandball14i,hard,32541,16938,6938,8665,35328,98685,,elitserienhandball,2,elitserienhandball14i.mps
elitserienhandball3i,hard,32807,16966,6973,8868,35804,99434,,elitserienhandball,4,elitserienhandball3i.mps
enlight11,easy,242,121,121,0,121,682,,enlight,Infeasible,enlight11.mps
enlight4,easy,32,16,16,0,16,80,,enlight,Infeasible,enlight4.mps
enlight8,easy,128,64,64,0,64,352,,enlight,27,enlight8.mps
enlight9,easy,162,81,81,0,81,450,,enlight,Infeasible,enlight9.mps
enlight_hard,easy,200,100,100,0,100,560,,enlight,37,enlight_hard.mps
eva1aprime5x5opt,open,1712,400,0,1312,11929,57162,,evaprime,-17.94807560443689*,eva1aprime5x5opt.mps
eva1aprime6x6opt,open,3514,836,0,2678,34872,161558,,evaprime,-16.31528287738903*,eva1aprime6x6opt.mps
ex10,easy,17680,0,17680,0,69608,1162000,,–,100,ex10.mps
ex1010-pi,open,25200,25200,0,0,1468,102114,,–,233.0*,ex1010-pi.mps
ex9,easy,10404,0,10404,0,40962,517112,,–,81,ex9.mps
exp-1-500-5-5,easy,990,250,0,740,550,1980,,exp_and_fc,65887,exp-1-500-5-5.mps
f2000,open,4000,4000,0,0,10500,29500,,–,1810.0*,f2000.mps
f2gap201600,easy,1600,1600,0,0,20,3200,,f2gap,76453,f2gap201600.mps
f2gap401600,easy,1600,1600,0,0,40,3200,,f2gap,82306.9999999945,f2gap401600.mps
f2gap40400,easy,400,400,0,0,40,800,,f2gap,20771.9999999998,f2gap40400.mps
f2gap801600,easy,1600,1600,0,0,80,3200,,f2gap,86678.999982707,f2gap801600.mps
fast0507,easy,63009,63009,0,0,507,409349,,–,174,fast0507.mps
fastxgemm-n2r6s0t2,easy,784,48,0,736,5998,19376,,fastxgemm,230,fastxgemm-n2r6s0t2.mps
fastxgemm-n2r7s4t1,easy,904,56,0,848,6972,22584,,fastxgemm,42,fastxgemm-n2r7s4t1.mps
fastxgemm-n3r21s3t6,open,18684,378,0,18306,219368,718146,,fastxgemm,4110.99800117485*,fastxgemm-n3r21s3t6.mps
fastxgemm-n3r22s4t6,open,19539,396,0,19143,229742,752274,,fastxgemm,3101.998498499999*,fastxgemm-n3r22s4t6.mps
fastxgemm-n3r23s5t6,open,20394,414,0,19980,240116,786402,,fastxgemm,3089.997998*,fastxgemm-n3r23s5t6.mps
fhnw-binpack4-18,easy,520,481,0,39,650,2392,,binpack,Infeasible,fhnw-binpack4-18.mps
fhnw-binpack4-4,easy,520,481,0,39,620,2332,,binpack,Infeasible,fhnw-binpack4-4.mps
fhnw-binpack4-48,easy,3710,3605,0,105,4480,17290,,binpack,0,fhnw-binpack4-48.mps
fhnw-binpack4-58,open,7550,7400,0,150,9900,35750,,binpack,NA,fhnw-binpack4-58.mps
fhnw-binpack4-77,open,3924,3816,0,108,4922,17726,,binpack,NA,fhnw-binpack4-77.mps
fhnw-binschedule0,open,319319,316270,3048,1,58085,1382972,,fhnw-bin,16088.0*,fhnw-binschedule0.mps
fhnw-binschedule1,open,1141653,1137008,4644,1,772872,8611326,,fhnw-bin,55198.0*,fhnw-binschedule1.mps
fhnw-binschedule2,open,30973,30504,468,1,6503,134640,,fhnw-bin,2428*,fhnw-binschedule2.mps
fhnw-schedule-paira100,open,5150,5050,0,100,10000,29873,,schedule,-15.1131226682367*,fhnw-schedule-paira100.mps
fhnw-schedule-paira200,open,20300,20100,0,200,40000,119746,,schedule,-19.2298568218154*,fhnw-schedule-paira200.mps
fhnw-schedule-paira400,open,80600,80200,0,400,160000,479504,,schedule,-35.4988125672093*,fhnw-schedule-paira400.mps
fhnw-schedule-pairb200,open,40200,40000,0,200,99554,298554,,schedule,-19.24094384259708*,fhnw-schedule-pairb200.mps
fhnw-schedule-pairb400,open,160400,160000,0,400,399096,1197096,,schedule,-35.4584*,fhnw-schedule-pairb400.mps
fhnw-sq2,hard,650,625,25,0,91,1968,,fhnw-sq,0,fhnw-sq2.mps
fhnw-sq3,hard,2450,2401,49,0,167,7372,,fhnw-sq,Infeasible,fhnw-sq3.mps
fiball,easy,34219,33960,258,1,3707,104792,,–,138,fiball.mps
fiber,easy,1298,1254,0,44,363,2944,,–,405935.18,fiber.mps
fillomino7x7-0i,easy,12877,4821,4443,3613,17518,33300,,fillomino,0,fillomino7x7-0i.mps
fjspeasy01i,easy,17847,8849,8998,0,27264,46454,,fjsp,253,fjspeasy01i.mps
flugpl,easy,18,0,11,7,18,46,,–,1201500,flugpl.mps
flugplinf,easy,18,0,11,7,19,64,,–,Infeasible,flugplinf.mps
g200x740,easy,1480,740,0,740,940,2960,,fixed-cost-network-flow,44316,g200x740.mps
g503inf,easy,48,24,0,24,41,144,,–,Infeasible,g503inf.mps
gasprod1-1,open,10920,4053,0,6867,27695,201348,,gasprod,291.51163698498203*,gasprod1-1.mps
gasprod1-2,easy,10752,3716,0,7036,27169,200460,,gasprod,983.039488258,gasprod1-2.mps
gasprod1-3,easy,10752,3717,0,7035,27169,200463,,gasprod,2310.0993127,gasprod1-3.mps
gasprod2-1,easy,29568,7389,0,22179,73448,282846,,gasprod,1628548.2968,gasprod2-1.mps
gasprod2-2,easy,29568,6826,0,22742,72728,280740,,gasprod,1375631.6625,gasprod2-2.mps
gen,easy,870,144,6,720,780,2592,,–,112313.362718,gen.mps
gen-ip002,easy,41,0,41,0,24,922,,generated,-4783.733392,gen-ip002.mps
gen-ip016,easy,28,0,28,0,24,672,,generated,-9476.155197,gen-ip016.mps
gen-ip021,easy,35,0,35,0,28,945,,generated,2361.45419519,gen-ip021.mps
gen-ip036,easy,29,0,29,0,46,1303,,generated,-4606.67961,gen-ip036.mps
gen-ip054,easy,30,0,30,0,27,532,,generated,6840.96564179,gen-ip054.mps
genus-g31-8,open,3484,3482,1,1,32047,401147,,genus,-23*,genus-g31-8.mps
genus-g61-25,open,14380,14378,1,1,94735,332877,,genus,-40.0*,genus-g61-25.mps
genus-sym-g31-8,open,3484,3482,1,1,32073,401199,,genus,-23.0*,genus-sym-g31-8.mps
genus-sym-g62-2,open,12912,12910,1,1,78472,275855,,genus,-38.0*,genus-sym-g62-2.mps
genus-sym-grafo5708-48,open,3379,3377,1,1,20538,72579,,genus,-21*,genus-sym-grafo5708-48.mps
ger50-17-ptp-pop-3t,open,4892,0,540,4352,545,14285,,ger50,5224.5144*,ger50-17-ptp-pop-3t.mps
ger50-17-ptp-pop-6t,hard,4892,0,540,4352,545,14285,,ger50,8942.6328,ger50-17-ptp-pop-6t.mps
ger50-17-trans-dfn-3t,open,22414,0,18062,4352,499,172035,,ger50,3969.4334*,ger50-17-trans-dfn-3t.mps
ger50-17-trans-pop-3t,open,22414,0,18062,4352,499,172035,,ger50,4038.441*,ger50-17-trans-pop-3t.mps
ger50_17_trans,hard,22414,0,18062,4352,499,172035,,ger50,7393.2618,ger50_17_trans.mps
germanrr,easy,10813,5323,5251,239,10779,175547,,–,47095869.649,germanrr.mps
germany50-UUM,hard,6971,0,88,6883,2088,20737,,network_design,628490,germany50-UUM.mps
gfd-schedulen180f7d50m30k18,easy,227535,192408,2025,33102,457985,1233372,,gfd-schedule,1,gfd-schedulen180f7d50m30k18.mps
gfd-schedulen180f7d50m30k18-16i,hard,2226625,1055523,1103442,67660,3447025,7026385,,gfd-schedule,47,gfd-schedulen180f7d50m30k18-16i.mps
gfd-schedulen25f5d20m10k3i,easy,30916,14783,14556,1577,47093,88245,,gfd-schedule,5,gfd-schedulen25f5d20m10k3i.mps
gfd-schedulen55f2d50m30k3i,easy,90158,40622,42209,7327,129102,260992,,gfd-schedule,6,gfd-schedulen55f2d50m30k3i.mps
ghoulomb4-9-10i,easy,43424,15590,27834,0,56330,118062,,ghoulomb,44,ghoulomb4-9-10i.mps
glass-sc,easy,214,214,0,0,6119,63918,,maxfeassub,23,glass-sc.mps
glass4,easy,322,302,0,20,396,1815,,–,1200012599.97238,glass4.mps
gmu-35-40,easy,1205,1200,0,5,424,4843,,gmu,-2406733.3688,gmu-35-40.mps
gmu-35-50,easy,1919,1914,0,5,435,8643,,gmu,-2607958.33,gmu-35-50.mps
gmut-75-50,hard,68865,68859,0,6,2565,571475,,gmu,-14180699.047,gmut-75-50.mps
gmut-76-40,open,24338,24332,0,6,2586,153017,,gmu,-14169441.78*,gmut-76-40.mps
gmut-76-50,open,68865,68859,0,6,2586,470045,,gmu,-14171893.7789212*,gmut-76-50.mps
gr4x6,easy,48,24,0,24,34,96,,–,202.349999999998,gr4x6.mps
graph20-20-1rand,easy,2183,2183,0,0,5587,19277,,graphs,-9,graph20-20-1rand.mps
graph20-80-1rand,hard,16263,16263,0,0,55107,191997,,graphs,-6,graph20-80-1rand.mps
graph40-20-1rand,open,31243,31243,0,0,99067,345557,,graphs,-15*,graph40-20-1rand.mps
graph40-40-1rand,open,102600,102600,0,0,360900,1260900,,graphs,-9*,graph40-40-1rand.mps
graph40-80-1rand,open,283648,283648,0,0,1050112,3671552,,graphs,-7*,graph40-80-1rand.mps
graphdraw-domain,easy,254,180,20,54,865,2600,,graphdraw,19685.9999755004,graphdraw-domain.mps
graphdraw-gemcutter,easy,166,112,16,38,474,1420,,graphdraw,7118.5,graphdraw-gemcutter.mps
graphdraw-grafo2,open,9258,8844,134,280,203455,612366,,graphdraw,68613.49999999868*,graphdraw-grafo2.mps
graphdraw-mainerd,open,2050,1860,62,128,20661,62350,,graphdraw,38841.9999999991*,graphdraw-mainerd.mps
graphdraw-opmanager,open,4812,4512,96,204,75395,227160,,graphdraw,99455.49999999904*,graphdraw-opmanager.mps
gsvm2rl11,open,2001,500,0,1501,1500,253500,,supportvectormachine,18121.63800478*,gsvm2rl11.mps
gsvm2rl12,open,2001,500,0,1501,1500,253500,,supportvectormachine,21.90385635871968*,gsvm2rl12.mps
gsvm2rl3,easy,241,60,0,181,180,4020,,supportvectormachine,0.33652753,gsvm2rl3.mps
gsvm2rl5,hard,401,100,0,301,300,10700,,supportvectormachine,5.42305352523751,gsvm2rl5.mps
gsvm2rl9,open,801,200,0,601,600,41400,,supportvectormachine,7438.181167768*,gsvm2rl9.mps
gt2,easy,188,24,164,0,29,376,,–,21165.9999999998,gt2.mps
gus-sch,easy,5475,2736,2736,3,5984,33135,,–,-1167,gus-sch.mps
h50x2450,easy,4900,2450,0,2450,2549,12152,,fixed-cost-network-flow,32906.880834,h50x2450.mps
h80x6320,easy,12640,6320,0,6320,79,6320,,fixed-cost-network-flow,3700,h80x6320.mps
h80x6320d,easy,12640,6320,0,6320,6558,31521,,fixed-cost-network-flow,6382.099048246,h80x6320d.mps
hanoi5,easy,3862,3862,0,0,16399,39718,,–,1931,hanoi5.mps
haprp,easy,1828,0,1828,0,1048,3628,,–,3673280.6808,haprp.mps
hawaiiv10-130,hard,685130,578444,0,106686,1388052,183263061,,–,52425028.9449536,hawaiiv10-130.mps
hgms-det,hard,1322,547,0,775,9752,32367,,hgms,-47314.0858741549,hgms-det.mps
hgms30,open,23797,547,0,23250,281917,850486,,hgms,-44338.74480308597*,hgms30.mps
hgms62,open,48597,547,0,48050,582237,1753238,,hgms,-44837.24534313961*,hgms62.mps
highschool1-aigio,hard,320404,319686,718,0,92568,1562168,,timetabling,0,highschool1-aigio.mps
hypothyroid-k1,easy,2602,2601,1,0,5195,433884,,hypothyroid,-2851,hypothyroid-k1.mps
ic97_potential,easy,728,450,73,205,1046,3138,,–,3941.99993090225,ic97_potential.mps
ic97_tension,easy,703,176,4,523,319,2070,,–,3942,ic97_tension.mps
icir97_potential,hard,2112,1235,422,455,3314,9942,,–,6325,icir97_potential.mps
icir97_tension,easy,2494,262,573,1659,1203,22333,,–,6375,icir97_tension.mps
iis-glass-cov,easy,214,214,0,0,5375,56133,,iis,21,iis-glass-cov.mps
iis-hc-cov,easy,297,297,0,0,9727,142971,,iis,17,iis-hc-cov.mps
in,hard,1449074,1489,0,1447585,1526202,6811639,,–,58,in.mps
irish-electricity,easy,61728,9888,0,51840,104259,523257,,–,3723497.591396,irish-electricity.mps
irp,easy,20315,20315,0,0,39,98254,,–,12159.492835397,irp.mps
istanbul-no-cutoff,easy,5282,30,0,5252,20346,71477,,–,204.08170701,istanbul-no-cutoff.mps
ivu06,open,787239,787239,0,0,1177,8032303,,ivu,142.86*,ivu06.mps
ivu06-big,open,2277736,2277736,0,0,1177,23125770,,ivu,140.74*,ivu06-big.mps
ivu52,hard,157591,157591,0,0,2116,2179476,,ivu,481.0068,ivu52.mps
ivu59,open,2569996,2569996,0,0,3436,36186332,,ivu,931.0*,ivu59.mps
k16x240b,easy,480,240,0,240,256,960,,fixed-cost-network-flow,11392.9999988446,k16x240b.mps
k1mushroom,easy,8211,8210,1,0,16419,1697946,,k1mushroom,-3288,k1mushroom.mps
k1mushroomi,easy,48104,16419,31685,0,56312,1666560,,k1mushroom,-3288,k1mushroomi.mps
khb05250,easy,1350,24,0,1326,101,2700,,–,106940226,khb05250.mps
kosova1,open,614253,609591,4662,0,304931,3414761,,timetabling,6.0*,kosova1.mps
kottenpark09,open,2893026,2892333,693,0,325547,13085485,,timetabling,1715.0*,kottenpark09.mps
l2p12,easy,11786,10906,590,290,21315,59629,,l2p,5,l2p12.mps
l2p1i,hard,317369,301560,15689,120,30784,641396,,l2p,6,l2p1i.mps
l2p2i,easy,38196,13113,24938,145,47653,85208,,l2p,8,l2p2i.mps
lectsched-1,easy,28718,28236,482,0,50108,310792,,lectsched,0,lectsched-1.mps
lectsched-2,easy,17656,17287,369,0,30738,186520,,lectsched,0,lectsched-2.mps
lectsched-3,easy,25776,25319,457,0,45262,279967,,lectsched,0,lectsched-3.mps
lectsched-4-obj,easy,7901,7665,236,0,14163,82428,,lectsched,4,lectsched-4-obj.mps
lectsched-5-obj,easy,21805,21389,416,0,38884,239608,,lectsched,24,lectsched-5-obj.mps
leo1,easy,6731,6730,0,1,593,131218,,–,404227536.16,leo1.mps
leo2,easy,11100,11099,0,1,593,219959,,–,404077441.12,leo2.mps
liu,open,1156,1089,0,67,2178,10626,,–,1084.0*,liu.mps
loopha13,easy,19356,18150,0,1206,23758,41809,,–,6.40233,loopha13.mps
lotsize,easy,2985,1195,0,1790,1920,6565,,–,1480195,lotsize.mps
lr1dr02vc05v8a-t360,open,20810,12174,6471,2165,7560,58950,,maritime,123046.8149370308*,lr1dr02vc05v8a-t360.mps
lr1dr04vc05v17a-t360,open,36912,15326,17979,3607,12600,107170,,maritime,252463.0*,lr1dr04vc05v17a-t360.mps
lr1dr12vc10v70b-t360,open,193525,90670,93480,9375,56160,587100,,maritime,1000790.979722782*,lr1dr12vc10v70b-t360.mps
lr2-22dr3-333vc4v17a-t60,open,109519,92865,0,16654,108566,435517,,maritime,-27262.58917622233*,lr2-22dr3-333vc4v17a-t60.mps
lrn,easy,7253,2455,0,4798,8491,46123,,–,44479255.12362,lrn.mps
mad,easy,220,200,0,20,51,2808,,–,0.0268,mad.mps
manna81,easy,3321,18,3303,0,6480,12960,,–,-13164,manna81.mps
map06,easy,164547,146,0,164401,328818,549920,,map,-289,map06.mps
map10,easy,164547,146,0,164401,328818,549920,,map,-495,map10.mps
map14860-20,easy,164547,146,0,164401,328818,549920,,map,-922,map14860-20.mps
map16715-04,easy,164547,146,0,164401,328818,549920,,map,-111,map16715-04.mps
map18,easy,164547,146,0,164401,328818,549920,,map,-847,map18.mps
mappingmesh3x3mpeg2i,easy,10470,4739,4369,1362,17055,33278,,mapping,905,mappingmesh3x3mpeg2i.mps
mario-t-hard5i,easy,73475,31022,30948,11505,85190,238314,,mario,-4482,mario-t-hard5i.mps
maritime-jg3d9,easy,92261,36960,0,55301,126621,627969,,maritime,Infeasible,maritime-jg3d9.mps
markshare1,easy,62,50,0,12,6,312,,markshare,0.999999999999091,markshare1.mps
markshare2,hard,74,60,0,14,7,434,,markshare,1,markshare2.mps
markshare_4_0,easy,34,30,0,4,4,123,,markshare,1,markshare_4_0.mps
markshare_5_0,easy,45,40,0,5,5,203,,markshare,1,markshare_5_0.mps
mas74,easy,151,150,0,1,13,1706,,–,11801.18572,mas74.mps
mas76,easy,151,150,0,1,12,1640,,–,40005.05399,mas76.mps
maxgasflow,easy,7437,2456,0,4981,7160,19717,,–,-44565819.31886,maxgasflow.mps
mc11,easy,3040,1520,0,1520,1920,6080,,mc,11688.9999999997,mc11.mps
mc7,easy,3040,1520,0,1520,1920,6080,,mc,3417,mc7.mps
mc8,easy,3040,1520,0,1520,1920,6080,,mc,1566,mc8.mps
mcsched,easy,1747,1745,0,2,2107,8088,,–,211913,mcsched.mps
mik-250-20-75-1,easy,270,75,175,20,195,9270,,mik_250,-49716,mik-250-20-75-1.mps
mik-250-20-75-2,easy,270,75,175,20,195,9270,,mik_250,-50768,mik-250-20-75-2.mps
mik-250-20-75-3,easy,270,75,175,20,195,9270,,mik_250,-52242,mik-250-20-75-3.mps
mik-250-20-75-4,easy,270,75,175,20,195,9270,,mik_250,-52301,mik-250-20-75-4.mps
mik-250-20-75-5,easy,270,75,175,20,195,9270,,mik_250,-51532,mik-250-20-75-5.mps
milo-v12-6-r1-58-1,hard,4440,1500,0,2940,9540,25068,,milo,634081.411203952,milo-v12-6-r1-58-1.mps
milo-v12-6-r1-75-1,open,5698,1925,0,3773,12243,32174,,milo,1153756.39820567*,milo-v12-6-r1-75-1.mps
milo-v12-6-r2-40-1,easy,2688,840,0,1848,5628,14604,,milo,326481.14282799,milo-v12-6-r2-40-1.mps
milo-v13-4-3d-3-0,hard,516,120,0,396,996,2456,,milo,273238.08563337,milo-v13-4-3d-3-0.mps
milo-v13-4-3d-4-0,open,688,160,0,528,1328,3292,,milo,358152.2621937089*,milo-v13-4-3d-4-0.mps
mine-166-5,easy,830,830,0,0,8429,19412,,mine,-566395707.9,mine-166-5.mps
mine-90-10,easy,900,900,0,0,6270,15407,,mine,-784302337.6332,mine-90-10.mps
mining,open,348921,348920,0,1,661133,3844879,,–,-833555203.4089005*,mining.mps
minutedispatchstrategy,open,41761,20156,0,21605,80194,239480,,–,3109.903477759654*,minutedispatchstrategy.mps
misc04inf,easy,4897,30,0,4867,1726,17253,,misc,Infeasible,misc04inf.mps
misc05inf,easy,136,74,0,62,301,2946,,misc,Infeasible,misc05inf.mps
misc07,easy,260,259,0,1,212,8619,,misc,2810,misc07.mps
mitre,easy,10724,10724,0,0,2054,39704,,–,115154.999999999,mitre.mps
mkc,hard,5325,5323,0,2,3411,17038,,–,-563.8460100132,mkc.mps
mkc1,easy,5325,3087,0,2238,3411,17038,,–,-607.20703,mkc1.mps
mod008inf,easy,319,319,0,0,7,1562,,mod,Infeasible,mod008inf.mps
mod010,easy,2655,2655,0,0,146,11203,,mod,6548,mod010.mps
mod011,easy,10958,96,0,10862,4480,22254,,mod,-54558535.59,mod011.mps
moj-mining,hard,67519,5171,0,62348,49916,1691236,,–,-1256561010.473,moj-mining.mps
momentum1,easy,5174,2349,0,2825,42680,103191,,momentum,109143.4935,momentum1.mps
momentum2,easy,3732,1808,1,1923,24237,237087,,momentum,12314.1,momentum2.mps
momentum3,open,13532,6598,1,6933,56822,562712,,momentum,173202.1864147565*,momentum3.mps
mrcpspj30-15-5i,easy,24376,6192,8921,9263,32659,56963,,mrcpspj,24,mrcpspj30-15-5i.mps
mrcpspj30-17-10i,easy,26381,7386,10901,8094,34490,62166,,mrcpspj,26,mrcpspj30-17-10i.mps
mrcpspj30-53-3i,easy,24220,6020,8938,9262,32618,56796,,mrcpspj,34,mrcpspj30-53-3i.mps
msc98-ip,easy,21143,20237,53,853,15850,92918,,–,19839497.0058743,msc98-ip.mps
mspsphard01i,easy,21531,10868,10663,0,32864,59860,,mspsp,35,mspsphard01i.mps
mspsphard03i,easy,32266,18603,13663,0,56333,114618,,mspsp,30,mspsphard03i.mps
mtest4ma,easy,1950,975,0,975,1174,4875,,–,52148,mtest4ma.mps
mushroom-best,easy,8468,8237,118,113,8580,188735,,ustun,0.0553337612,mushroom-best.mps
mzzv11,easy,10240,9989,251,0,9499,134603,,–,-21718,mzzv11.mps
mzzv42z,easy,11717,11482,235,0,10460,151261,,–,-20540,mzzv42z.mps
n13-3,easy,3472,0,186,3286,1723,13516,,nxy-z,13385,n13-3.mps
n2seq36f,easy,8100,8100,0,0,285,60948,,nseq,52200,n2seq36f.mps
n2seq36q,easy,22480,22480,0,0,2565,183292,,nseq,52200,n2seq36q.mps
n3700,open,10000,5000,0,5000,5150,20000,,n37,1218974.9999999998*,n3700.mps
n3705,open,10000,5000,0,5000,5150,20000,,n37,1212657.0*,n3705.mps
n3707,open,10000,5000,0,5000,5150,20000,,n37,1186691.0*,n3707.mps
n3709,open,10000,5000,0,5000,5150,20000,,n37,1205801.0*,n3709.mps
n370b,open,10000,5000,0,5000,5150,20000,,n37,1220708.0*,n370b.mps
n3div36,easy,22120,22120,0,0,4484,340740,,nseq,130800,n3div36.mps
n3seq24,easy,119856,119856,0,0,6044,3232340,,nseq,52200,n3seq24.mps
n5-3,easy,2550,0,150,2400,1062,9900,,nxy-z,8104.999999994,n5-3.mps
n6-3,easy,7178,0,222,6956,2760,28268,,nxy-z,15174.999303,n6-3.mps
n7-3,easy,5626,0,174,5452,2336,22156,,nxy-z,15425.99999997,n7-3.mps
n9-3,easy,7644,0,252,7392,2364,30072,,nxy-z,14409,n9-3.mps
nag,open,2884,1350,35,1499,5840,26499,,–,945*,nag.mps
nb10tb,open,73340,16880,0,56460,150495,1172289,,–,13796452423.08137*,nb10tb.mps
neos-1061020,easy,14010,10333,3598,79,10618,114508,,neos-pseudoapplication-11,-142745.3,neos-1061020.mps
neos-1067731,easy,8779,6330,0,2449,3423,30998,,neos-pseudoapplication-11,1025102,neos-1067731.mps
neos-1112782,easy,4140,2070,0,2070,2115,8145,,neos-pseudoapplication-89,571844066711,neos-1112782.mps
neos-1112787,easy,3280,1640,0,1640,1680,6440,,neos-pseudoapplication-89,564772773667,neos-1112787.mps
neos-1122047,easy,5100,100,0,5000,57791,163640,,neos-pseudoapplication-46,161,neos-1122047.mps
neos-1140050,hard,40320,38640,0,1680,3795,808080,,neos-pseudoapplication-101,Infeasible,neos-1140050.mps
neos-1171448,easy,4914,2457,0,2457,13206,131859,,neos-pseudoapplication-8,-309,neos-1171448.mps
neos-1171737,easy,2340,1170,0,1170,4179,58620,,neos-pseudoapplication-80,-195,neos-1171737.mps
neos-1223462,easy,5495,5180,315,0,5890,47040,,neos-pseudoapplication-12,-751.0000000645,neos-1223462.mps
neos-1324574,easy,5256,5256,0,0,5904,20880,,neos-pseudoapplication-99,8,neos-1324574.mps
neos-1330346,easy,2664,2664,0,0,4248,13032,,neos-pseudoapplication-49,8,neos-1330346.mps
neos-1337307,easy,2840,2840,0,0,5687,30799,,neos-pseudoapplication-13,-202319,neos-1337307.mps
neos-1354092,easy,13702,13282,420,0,3135,187187,,neos-pseudoapplication-47,46,neos-1354092.mps
neos-1367061,easy,36600,625,350,35625,102750,260250,,neos-pseudoapplication-76,31320456.264,neos-1367061.mps
neos-1396125,easy,1161,129,0,1032,1494,5511,,neos-pseudoapplication-96,3000.0453373,neos-1396125.mps
neos-1420546,open,26055,1125,0,24930,12671,67959,,neos-pseudoapplication-9,22948.10433777*,neos-1420546.mps
neos-1420790,open,4926,540,0,4386,2310,12720,,neos-pseudoapplication-9,3119.806001594*,neos-1420790.mps
neos-1423785,open,21506,1920,0,19586,25721,64082,,neos-pseudoapplication-98,21893.26*,neos-1423785.mps
neos-1425699,easy,105,5,80,20,89,430,,neos-pseudoapplication-37,3179698976.99612,neos-1425699.mps
neos-1430701,easy,312,156,0,156,668,2868,,neos-pseudoapplication-8,-77.0000000000018,neos-1430701.mps
neos-1442119,easy,728,364,0,364,1524,6692,,neos-pseudoapplication-8,-181.000000000003,neos-1442119.mps
neos-1445532,easy,14406,1999,0,12407,1924,27736,,neos-pseudoapplication-88,-17041,neos-1445532.mps
neos-1445738,easy,20631,2150,0,18481,2145,40256,,neos-pseudoapplication-88,-17380,neos-1445738.mps
neos-1445743,easy,20344,2150,0,18194,2148,39685,,neos-pseudoapplication-88,-17905,neos-1445743.mps
neos-1445765,easy,20617,2150,0,18467,2147,40230,,neos-pseudoapplication-88,-17783,neos-1445765.mps
neos-1456979,easy,4605,4245,180,180,6770,36440,,neos-pseudoapplication-102,176,neos-1456979.mps
neos-1516309,easy,4500,4500,0,0,489,30400,,neos-pseudoapplication-26,35954,neos-1516309.mps
neos-1582420,easy,10100,10000,100,0,10180,24814,,neos-pseudoapplication-10,91,neos-1582420.mps
neos-1593097,easy,18460,18200,0,260,798,113308,,neos-pseudoapplication-77,23136,neos-1593097.mps
neos-1599274,easy,4500,4500,0,0,1237,46800,,neos-pseudoapplication-26,32075.6,neos-1599274.mps
neos-1601936,easy,4446,3906,0,540,3131,72500,,neos-pseudoapplication-5,2.99999999999894,neos-1601936.mps
neos-1603965,easy,15003,7999,0,7004,28984,56967,,neos-pseudoapplication-35,619244367.662956,neos-1603965.mps
neos-1605061,easy,4111,3570,0,541,3474,93483,,neos-pseudoapplication-5,11.9999999955617,neos-1605061.mps
neos-2075418-temuka,easy,122304,122304,0,0,349602,7610261,,neos-pseudoapplication-62,Infeasible,neos-2075418-temuka.mps
neos-2294525-abba,easy,10842,10086,0,756,11122,80010,,neos-pseudoapplication-46,321.1522319,neos-2294525-abba.mps
neos-2328163-agri,easy,2236,2236,0,0,1963,12740,,neos-pseudoapplication-36,27674,neos-2328163-agri.mps
neos-2624317-amur,easy,524,180,344,0,342,1690,,neos-pseudoapplication-7,3.5223968,neos-2624317-amur.mps
neos-2626858-aoos,easy,524,209,315,0,342,1690,,neos-pseudoapplication-7,Infeasible,neos-2626858-aoos.mps
neos-2629914-sudost,open,496,256,0,240,51872,209792,,neos-pseudoapplication-66,48180*,neos-2629914-sudost.mps
neos-2652786-brda,easy,524,236,288,0,342,1690,,neos-pseudoapplication-7,4.7924996,neos-2652786-brda.mps
neos-2656603-coxs,easy,524,186,338,0,342,1690,,neos-pseudoapplication-7,Infeasible,neos-2656603-coxs.mps
neos-2657525-crna,easy,524,146,378,0,342,1690,,neos-pseudoapplication-7,1.810748,neos-2657525-crna.mps
neos-2669500-cust,easy,112008,110880,1120,8,105744,636728,,neos-pseudoapplication-52,2242,neos-2669500-cust.mps
neos-2746589-doon,easy,50936,50704,224,8,31530,271072,,neos-pseudoapplication-52,2008.2,neos-2746589-doon.mps
neos-2974461-ibar,open,214730,200352,14378,0,214107,2303100,,neos-pseudoapplication-45,468906174.771*,neos-2974461-ibar.mps
neos-2978193-inde,easy,20800,64,0,20736,396,41600,,neos-pseudoapplication-5,-2.38806169,neos-2978193-inde.mps
neos-2978205-isar,open,104000,320,0,103680,652,208000,,neos-pseudoapplication-77,-11.92580869*,neos-2978205-isar.mps
neos-2987202-jeir,hard,146700,9045,0,137655,120209,1979663,,neos-pseudoapplication-82,-1836136351.2,neos-2987202-jeir.mps
neos-2987310-joes,easy,27837,3051,0,24786,29015,580291,,neos-pseudoapplication-82,-607702988.3,neos-2987310-joes.mps
neos-2991472-kalu,open,12105,12096,0,9,18170,13709358,,neos-pseudoapplication-77,12*,neos-2991472-kalu.mps
neos-3004026-krka,easy,17030,16900,130,0,12545,41860,,neos-pseudoapplication-38,0,neos-3004026-krka.mps
neos-3009394-lami,open,2757,2704,52,1,2028,6760,,neos-pseudoapplication-90,5.5*,neos-3009394-lami.mps
neos-3024952-loue,easy,3255,0,3255,0,3705,17310,,neos-pseudoapplication-86,26756,neos-3024952-loue.mps
neos-3025225-shelon,easy,69846,69845,0,1,91572,9357951,,neos-pseudoapplication-64,0.7727272712094,neos-3025225-shelon.mps
neos-3045796-mogo,easy,11016,11016,0,0,2226,44442,,neos-pseudoapplication-22,-175,neos-3045796-mogo.mps
neos-3046601-motu,easy,308,272,17,19,563,1430,,neos-pseudoapplication-90,1459,neos-3046601-motu.mps
neos-3046615-murg,easy,274,240,16,18,498,1266,,neos-pseudoapplication-90,1600,neos-3046615-murg.mps
neos-3048764-nadi,easy,12360,9390,0,2970,3186,21867,,neos-pseudoapplication-43,-3883988306.4,neos-3048764-nadi.mps
neos-3065804-namu,easy,4741,2190,0,2551,3280,574830,,neos-pseudoapplication-41,0,neos-3065804-namu.mps
neos-3068746-nene,open,4890,3815,1075,0,4664,29515,,neos-pseudoapplication-45,61910283.68794999*,neos-3068746-nene.mps
neos-3072252-nete,easy,576,144,0,432,432,1292,,neos-pseudoapplication-50,11807698,neos-3072252-nete.mps
neos-3075395-nile,easy,26928,1728,0,25200,27756,102672,,neos-pseudoapplication-50,6021719.99999999,neos-3075395-nile.mps
neos-3083784-nive,easy,4779,3240,0,1539,2836,11583,,neos-pseudoapplication-72,0,neos-3083784-nive.mps
neos-3083819-nubu,easy,8644,0,8644,0,4725,24048,,neos-pseudoapplication-31,6307996,neos-3083819-nubu.mps
neos-3116779-oban,easy,5141,5140,0,1,328,20561,,neos-pseudoapplication-26,0,neos-3116779-oban.mps
neos-3118745-obra,easy,1131,1130,0,1,144,4521,,neos-pseudoapplication-26,255,neos-3118745-obra.mps
neos-3135526-osun,easy,192,170,0,22,1546,25750,,neos-pseudoapplication-71,Infeasible,neos-3135526-osun.mps
neos-3148108-pahi,easy,12241,12241,0,0,154774,353504,,neos-pseudoapplication-49,0,neos-3148108-pahi.mps
neos-3208254-reiu,open,3154336,3743,0,3150593,9464908,25080218,,neos-pseudoapplication-98,-34897.00052514407*,neos-3208254-reiu.mps
neos-3209462-rhin,hard,56453,383,0,56070,170226,447473,,neos-pseudoapplication-98,12,neos-3209462-rhin.mps
neos-3209519-ruhr,easy,8675,8000,0,675,12500,61725,,neos-pseudoapplication-14,467.5,neos-3209519-ruhr.mps
neos-3211096-shag,hard,4379,4289,90,0,10187,31705,,neos-pseudoapplication-38,Infeasible,neos-3211096-shag.mps
neos-3214367-sovi,hard,4318,4139,179,0,7244,93911,,neos-pseudoapplication-56,179965,neos-3214367-sovi.mps
neos-3216931-puriri,easy,3555,3268,0,287,5989,91691,,neos-pseudoapplication-56,71320,neos-3216931-puriri.mps
neos-3218348-suir,easy,7022,7006,0,16,1320,221881,,neos-pseudoapplication-72,Infeasible,neos-3218348-suir.mps
neos-3226448-wkra,easy,10012,10012,0,0,2208,40048,,neos-pseudoapplication-103,0,neos-3226448-wkra.mps
neos-3229051-yass,easy,99472,99456,0,16,18846096,57144880,,neos-pseudoapplication-23,Unbounded,neos-3229051-yass.mps
neos-3230376-yser,easy,57000,56976,0,24,786916,2372592,,neos-pseudoapplication-4,Unbounded,neos-3230376-yser.mps
neos-3230511-yuna,easy,99472,99456,0,16,19335696,58613680,,neos-pseudoapplication-4,Unbounded,neos-3230511-yuna.mps
neos-3230516-zala,easy,101856,101824,0,32,1146724,3427392,,neos-pseudoapplication-4,Unbounded,neos-3230516-zala.mps
neos-3237086-abava,hard,50192,50192,0,0,69472,233552,,neos-pseudoapplication-51,0,neos-3237086-abava.mps
neos-3283608-agout,easy,26256,26224,0,32,108649,301792,,neos-pseudoapplication-84,Unbounded,neos-3283608-agout.mps
neos-3322547-alsek,hard,1001000,1001000,0,0,2000,2001000,,neos-pseudoapplication-77,399,neos-3322547-alsek.mps
neos-3352863-ancoa,hard,20046,20045,0,1,169,869239,,neos-pseudoapplication-100,28700,neos-3352863-ancoa.mps
neos-3354841-apure,easy,100000,0,100000,0,169,5393094,,neos-pseudoapplication-100,48800,neos-3354841-apure.mps
neos-3355120-tarago,open,7800,4700,3100,0,86633,265500,,neos-pseudoapplication-52,-11115965.664625322*,neos-3355120-tarago.mps
neos-3355323-arnon,open,10248,10104,144,0,21216,69912,,neos-pseudoapplication-38,NA,neos-3355323-arnon.mps
neos-3372571-onahau,hard,13086,185,0,12901,29487,116511,,neos-pseudoapplication-93,0.411055181902462,neos-3372571-onahau.mps
neos-3373491-avoca,easy,2368,43,2325,0,1570,9438,,neos-pseudoapplication-37,27449084632,neos-3373491-avoca.mps
neos-3381206-awhea,easy,2375,475,1900,0,479,4275,,neos-pseudoapplication-105,453,neos-3381206-awhea.mps
neos-3402294-bobin,easy,2904,2616,0,288,591076,2034888,,neos-pseudoapplication-71,0.0672499999999995,neos-3402294-bobin.mps
neos-3402454-bohle,hard,2904,2616,0,288,2897380,8953800,,neos-pseudoapplication-4,Infeasible,neos-3402454-bohle.mps
neos-3421095-cinca,easy,896,117,42,737,1218,3678,,neos-pseudoapplication-25,44269368.138,neos-3421095-cinca.mps
neos-3426085-ticino,open,4688,879,3809,0,308,9083,,neos-pseudoapplication-105,225*,neos-3426085-ticino.mps
neos-3426132-dieze,open,11550,2750,8800,0,570,22550,,neos-pseudoapplication-105,407*,neos-3426132-dieze.mps
neos-3437289-erdre,easy,12162,12162,0,0,7358,149856,,neos-pseudoapplication-87,0,neos-3437289-erdre.mps
neos-3530903-gauja,easy,2310,420,1890,0,220,4410,,neos-pseudoapplication-105,168,neos-3530903-gauja.mps
neos-3530905-gaula,hard,2090,190,1900,0,200,3990,,neos-pseudoapplication-105,159,neos-3530905-gaula.mps
neos-3555904-turama,easy,37461,37461,0,0,146493,793605,,neos-pseudoapplication-81,-34.7,neos-3555904-turama.mps
neos-3572885-glina,easy,57196,34272,22924,0,44206,157180,,neos-pseudoapplication-38,0,neos-3572885-glina.mps
neos-3581454-haast,easy,8112,7512,0,600,17220,92976,,neos-pseudoapplication-14,2295,neos-3581454-haast.mps
neos-3592146-hawea,easy,4870,525,4345,0,995,13880,,neos-pseudoapplication-37,15465800.718,neos-3592146-hawea.mps
neos-3594536-henty,open,22924,0,22924,0,21280,65712,,neos-pseudoapplication-83,401223.0*,neos-3594536-henty.mps
neos-3603137-hoteo,open,4003,3913,90,0,10510,39146,,neos-pseudoapplication-38,NA,neos-3603137-hoteo.mps
neos-3610040-iskar,easy,430,85,0,345,335,1023,,neos-pseudoapplication-91,37,neos-3610040-iskar.mps
neos-3610051-istra,easy,805,76,0,729,709,1999,,neos-pseudoapplication-91,49,neos-3610051-istra.mps
neos-3610173-itata,easy,844,77,0,767,747,2130,,neos-pseudoapplication-91,147.99999986,neos-3610173-itata.mps
neos-3611447-jijia,easy,472,85,0,387,377,1145,,neos-pseudoapplication-91,107,neos-3611447-jijia.mps
neos-3611689-kaihu,easy,421,88,0,333,323,1014,,neos-pseudoapplication-91,119,neos-3611689-kaihu.mps
neos-3615091-sutlej,open,205141,153520,0,51621,449690,1301130,,neos-pseudoapplication-45,-1048730.937912077*,neos-3615091-sutlej.mps
neos-3627168-kasai,easy,1462,535,0,927,1655,5158,,neos-pseudoapplication-25,988585.62,neos-3627168-kasai.mps
neos-3631363-vilnia,hard,15755,755,0,15000,15960,112497,,neos-pseudoapplication-12,Infeasible,neos-3631363-vilnia.mps
neos-3634244-kauru,open,4376,4375,0,1,761450,2292500,,neos-pseudoapplication-110,1398.014670518538*,neos-3634244-kauru.mps
neos-3636886-kereu,easy,13198,6021,6056,1121,13198,77547,,neos-pseudoapplication-45,100001768.08,neos-3636886-kereu.mps
neos-3654993-kolva,easy,13640,8948,4102,590,16064,54282,,neos-pseudoapplication-44,Unbounded,neos-3654993-kolva.mps
neos-3656078-kumeu,hard,14870,9755,4455,660,17656,59292,,neos-pseudoapplication-44,-13172.2,neos-3656078-kumeu.mps
neos-3660371-kurow,easy,4722,144,0,4578,4758,12912,,neos-pseudoapplication-9,2270.85,neos-3660371-kurow.mps
neos-3661949-lesse,easy,4775,560,4080,135,1140,15180,,neos-pseudoapplication-11,688995225,neos-3661949-lesse.mps
neos-3665875-lesum,easy,3128,320,0,2808,3184,10640,,neos-pseudoapplication-9,3274.81,neos-3665875-lesum.mps
neos-3672928-linge,easy,62251,40081,19636,2534,76477,251299,,neos-pseudoapplication-97,Unbounded,neos-3672928-linge.mps
neos-3682128-sandon,open,7880,7870,10,0,14920,50438,,neos-pseudoapplication-10,34666770*,neos-3682128-sandon.mps
neos-3691541-lonja,open,10300,10200,0,100,10320,40568,,neos-pseudoapplication-13,0.036086159868*,neos-3691541-lonja.mps
neos-3695882-vesdre,open,6135,5955,0,180,191504,598115,,neos-pseudoapplication-71,518.3505480226543*,neos-3695882-vesdre.mps
neos-3696678-lyvia,easy,7683,7516,167,0,9004,30452,,neos-pseudoapplication-56,83.7499999589988,neos-3696678-lyvia.mps
neos-3699044-maipo,easy,48007,31506,15424,1077,59589,199334,,neos-pseudoapplication-63,Unbounded,neos-3699044-maipo.mps
neos-3699377-maori,easy,17233,1856,0,15377,5587,125895,,neos-pseudoapplication-3,135877.224265,neos-3699377-maori.mps
neos-3703351-marne,easy,8827,1382,0,7445,4123,55293,,neos-pseudoapplication-3,317056.210386,neos-3703351-marne.mps
neos-3709489-menik,easy,48005,31506,15424,1075,59587,199272,,neos-pseudoapplication-44,Unbounded,neos-3709489-menik.mps
neos-3734794-moppy,easy,4418,1760,154,2504,4317,22430,,neos-pseudoapplication-25,5900905694.59,neos-3734794-moppy.mps
neos-3740487-motru,open,1689612,75566,0,1614046,4936372,26433474,,neos-pseudoapplication-61,164.4691736839999*,neos-3740487-motru.mps
neos-3754224-navua,open,150228,3574,0,146654,232387,652974,,neos-pseudoapplication-83,157909.0677610051*,neos-3754224-navua.mps
neos-3754480-nidda,easy,253,50,0,203,402,1488,,neos-pseudoapplication-107,12941.7383856178,neos-3754480-nidda.mps
neos-3755335-nizao,easy,40938,5226,0,35712,111026,547794,,neos-pseudoapplication-61,50.0301565326,neos-3755335-nizao.mps
neos-3759587-noosa,easy,27029,4289,0,22740,72104,318169,,neos-pseudoapplication-61,48.334467769,neos-3759587-noosa.mps
neos-3761878-oglio,easy,6489,1312,0,5177,3871,35511,,neos-pseudoapplication-3,422769.02254,neos-3761878-oglio.mps
neos-3762025-ognon,easy,4673,948,0,3725,2784,25384,,neos-pseudoapplication-3,607171.50305,neos-3762025-ognon.mps
neos-3988577-wolgan,easy,25870,25870,0,0,44662,350350,,neos-pseudoapplication-64,Infeasible,neos-3988577-wolgan.mps
neos-4165869-wannon,easy,31728,480,31248,0,85865,270474,,neos-pseudoapplication-44,293,neos-4165869-wannon.mps
neos-4230265-orari,open,32980,13380,10,19590,76374,189026,,neos-pseudoapplication-57,81765.21022354232*,neos-4230265-orari.mps
neos-4232544-orira,open,87060,38280,5700,43080,180600,492456,,neos-pseudoapplication-57,5557371.400000357*,neos-4232544-orira.mps
neos-4260495-otere,easy,176048,168745,22,7281,295357,702986,,neos-pseudoapplication-30,5290,neos-4260495-otere.mps
neos-4264598-oueme,open,54550,13370,0,41180,54714,191146,,neos-pseudoapplication-57,6038453.676499*,neos-4264598-oueme.mps
neos-4285819-pedja,open,721438,686647,0,34791,1518618,4866058,,neos-pseudoapplication-79,88.49933630640803*,neos-4285819-pedja.mps
neos-4290317-perth,open,54708,1042,0,53666,65580,398380,,neos-pseudoapplication-76,3017259.469804598*,neos-4290317-perth.mps
neos-4292145-piako,open,32950,13370,0,19580,75834,190186,,neos-pseudoapplication-57,29160.50026450142*,neos-4292145-piako.mps
neos-4295773-pissa,hard,85126,85124,0,2,210116,552408,,neos-pseudoapplication-6,0.0383071909985602,neos-4295773-pissa.mps
neos-4300652-rahue,easy,33003,20900,0,12103,76992,183616,,neos-pseudoapplication-13,2.1416,neos-4300652-rahue.mps
neos-4306827-ravan,easy,162291,155368,285,6638,261877,639474,,neos-pseudoapplication-30,10186.5730387496,neos-4306827-ravan.mps
neos-4321076-ruwer,hard,361730,122,0,361608,509809,1265750,,neos-pseudoapplication-98,2135.20000000003,neos-4321076-ruwer.mps
neos-4322846-ryton,easy,108700,108699,0,1,104972,452044,,neos-pseudoapplication-6,0.41984836,neos-4322846-ryton.mps
neos-4332801-seret,easy,20682487,20677405,20,5062,19912111,47513027,,neos-pseudoapplication-28,279835.50495,neos-4332801-seret.mps
neos-4332810-sesia,easy,20682487,20677405,20,5062,19912111,47513027,,neos-pseudoapplication-28,21849.762376,neos-4332810-sesia.mps
neos-4333464-siret,easy,2731,1363,0,1368,2880,27710,,neos-pseudoapplication-58,24.7858199515556,neos-4333464-siret.mps
neos-4333596-skien,easy,1005,460,0,545,812,5811,,neos-pseudoapplication-43,-14610731.01,neos-4333596-skien.mps
neos-4335793-snake,hard,30827,20473,7865,2489,37166,129119,,neos-pseudoapplication-44,27,neos-4335793-snake.mps
neos-4338804-snowy,hard,1344,1260,42,42,1701,6342,,neos-pseudoapplication-40,1471,neos-4338804-snowy.mps
neos-4343293-stony,hard,9400,4698,0,4702,10650,55668,,neos-pseudoapplication-58,46.3846827162411,neos-4343293-stony.mps
neos-4355351-swalm,open,21065,10530,0,10535,21609,371467,,neos-pseudoapplication-58,33.45757454008309*,neos-4355351-swalm.mps
neos-4358725-tagus,open,11494,4898,0,6596,22777,59925,,neos-pseudoapplication-57,4206.140099965*,neos-4358725-tagus.mps
neos-4359986-taipa,easy,25130,25095,0,35,48864,126561,,neos-pseudoapplication-106,69.8,neos-4359986-taipa.mps
neos-4360552-sangro,open,10272,9696,576,0,46012,302184,,neos-pseudoapplication-62,-8.0*,neos-4360552-sangro.mps
neos-4382714-ruvuma,easy,6562,6561,0,1,3645,32805,,neos-pseudoapplication-103,Infeasible,neos-4382714-ruvuma.mps
neos-4387871-tavua,hard,4004,2000,0,2004,4554,23496,,neos-pseudoapplication-58,33.384729927,neos-4387871-tavua.mps
neos-4391920-timok,easy,93846,93786,0,60,184575,585839,,neos-pseudoapplication-106,0.00545540819999822,neos-4391920-timok.mps
neos-4393408-tinui,easy,4004,2000,0,2004,4554,23496,,neos-pseudoapplication-58,375.49807237,neos-4393408-tinui.mps
neos-4408804-prosna,easy,66612,33306,0,33306,67161,266448,,neos-pseudoapplication-56,1306,neos-4408804-prosna.mps
neos-4409277-trave,hard,14363,14362,0,1,7875,204518,,neos-pseudoapplication-47,3,neos-4409277-trave.mps
neos-4413714-turia,easy,190402,190201,0,201,2303,761756,,neos-pseudoapplication-67,45.3701670199998,neos-4413714-turia.mps
neos-4477313-unzha,easy,2193,2016,0,177,4174,30400,,neos-pseudoapplication-110,Unbounded,neos-4477313-unzha.mps
neos-4531126-vouga,open,169996,169996,0,0,7694,967980,,neos-pseudoapplication-87,525030.8846192999*,neos-4531126-vouga.mps
neos-4532248-waihi,easy,86842,86841,0,1,167322,525339,,neos-pseudoapplication-6,61.6,neos-4532248-waihi.mps
neos-4533806-waima,open,93318,93304,0,14,52983,1250570,,neos-pseudoapplication-31,4870*,neos-4533806-waima.mps
neos-4535459-waipa,open,961401,640000,0,321401,163001,256963402,,neos-pseudoapplication-67,26040609.0*,neos-4535459-waipa.mps
neos-4545615-waita,open,654950,654930,0,20,345152,10670186,,neos-pseudoapplication-31,6311.0*,neos-4545615-waita.mps
neos-4555749-wards,open,89147,89130,0,17,51776,1263377,,neos-pseudoapplication-31,3759*,neos-4555749-wards.mps
neos-4562542-watut,open,134705,134694,0,11,73746,2015543,,neos-pseudoapplication-31,5684*,neos-4562542-watut.mps
neos-4647027-thurso,hard,9800,4200,0,5600,8382,3944988,,neos-pseudoapplication-29,27407.3269,neos-4647027-thurso.mps
neos-4647030-tutaki,hard,12600,7000,0,5600,8382,3953388,,neos-pseudoapplication-29,27265.706,neos-4647030-tutaki.mps
neos-4647032-veleka,open,18200,12600,0,5600,8382,3970188,,neos-pseudoapplication-29,27214.4801*,neos-4647032-veleka.mps
neos-4650160-yukon,easy,1412,624,0,788,1969,6416,,neos-pseudoapplication-79,59.8849999869551,neos-4650160-yukon.mps
neos-4703857-ahuroa,easy,266502,133470,0,133032,221496,536040,,neos-pseudoapplication-82,7868280750.276,neos-4703857-ahuroa.mps
neos-4722843-widden,easy,77723,73349,20,4354,113555,311529,,neos-pseudoapplication-30,25009.662227,neos-4722843-widden.mps
neos-4724674-aorere,easy,94145,87022,22,7101,137123,376775,,neos-pseudoapplication-30,8609.1960886,neos-4724674-aorere.mps
neos-4736745-arroux,easy,6216,1120,5096,0,1827,19281,,neos-pseudoapplication-37,247345269.52,neos-4736745-arroux.mps
neos-4738912-atrato,easy,6216,1120,5096,0,1947,19521,,neos-pseudoapplication-37,283627956.595,neos-4738912-atrato.mps
neos-4754521-awarau,easy,41680,41680,0,0,255386,1237481,,neos-pseudoapplication-51,0,neos-4754521-awarau.mps
neos-4760493-puerua,easy,53593,53592,0,1,106954,266805,,neos-pseudoapplication-106,2665.4577364,neos-4760493-puerua.mps
neos-4763324-toguru,easy,53593,53592,0,1,106954,266805,,neos-pseudoapplication-106,1613.03884585,neos-4763324-toguru.mps
neos-4797081-pakoka,easy,12393,9930,2463,0,7147,456124,,neos-pseudoapplication-51,0,neos-4797081-pakoka.mps
neos-4805882-barwon,easy,22229,15809,18,6402,49386,117001,,neos-pseudoapplication-30,3010,neos-4805882-barwon.mps
neos-480878,easy,534,189,0,345,1321,44370,,neos-pseudoapplication-76,492.5144492879,neos-480878.mps
neos-4954274-beardy,hard,12865,12865,0,0,17359,140082,,neos-pseudoapplication-62,20946.48,neos-4954274-beardy.mps
neos-4954340-beaury,easy,7850,2544,0,5306,20162,77435,,neos-pseudoapplication-59,Unbounded,neos-4954340-beaury.mps
neos-4954357-bednja,easy,3885,1231,0,2654,9641,49441,,neos-pseudoapplication-59,Unbounded,neos-4954357-bednja.mps
neos-4954672-berkel,easy,1533,630,0,903,1848,8007,,neos-pseudoapplication-43,2612710,neos-4954672-berkel.mps
neos-4960896-besbre,easy,6149,1809,0,4340,14793,98690,,neos-pseudoapplication-59,Unbounded,neos-4960896-besbre.mps
neos-4966126-blavet,easy,37885,2516,0,35369,109265,320933,,neos-pseudoapplication-59,Unbounded,neos-4966126-blavet.mps
neos-4966258-blicks,easy,196788,6708,0,190080,270816,975084,,neos-pseudoapplication-85,556,neos-4966258-blicks.mps
neos-4971100-bodrog,easy,11929,1980,0,9949,14998,97827,,neos-pseudoapplication-20,-1.192092895508E-07,neos-4971100-bodrog.mps
neos-4972437-bojana,easy,293268,8148,0,285120,408192,1746396,,neos-pseudoapplication-85,427,neos-4972437-bojana.mps
neos-4972461-bolong,easy,245028,7428,0,237600,341424,1456692,,neos-pseudoapplication-85,534,neos-4972461-bolong.mps
neos-4976951-bunnoo,easy,293268,8148,0,285120,408336,1746684,,neos-pseudoapplication-85,454,neos-4976951-bunnoo.mps
neos-4984115-canche,easy,268859,0,65,268794,180214,1351945,,neos-pseudoapplication-69,-9946659.921,neos-4984115-canche.mps
neos-498623,easy,9861,8500,0,1361,2047,148434,,neos-pseudoapplication-5,16.6,neos-498623.mps
neos-5013590-toitoi,easy,27061,27060,0,1,53957,134480,,neos-pseudoapplication-106,3772.4527499,neos-5013590-toitoi.mps
neos-5018451-chiese,easy,265713,1222,244,264247,170175,1249955,,neos-pseudoapplication-69,-147988824.81,neos-5018451-chiese.mps
neos-503737,easy,2850,2500,0,350,500,16850,,neos-pseudoapplication-47,50,neos-503737.mps
neos-5041756-cobark,easy,60301,60000,0,301,30900,180900,,neos-pseudoapplication-12,Unbounded,neos-5041756-cobark.mps
neos-5041822-cockle,open,227668,149313,0,78355,546733,1362468,,neos-pseudoapplication-25,5724245.704467608*,neos-5041822-cockle.mps
neos-5044663-wairoa,open,63540,0,44513,19027,21479,538629,,neos-pseudoapplication-53,4654500.0*,neos-5044663-wairoa.mps
neos-5045105-creuse,open,3848,0,3780,68,252,23108,,neos-pseudoapplication-78,20.57142909929996*,neos-5045105-creuse.mps
neos-5049753-cuanza,easy,242736,8304,0,234432,322248,1440672,,neos-pseudoapplication-85,561.9999971689,neos-5049753-cuanza.mps
neos-5051588-culgoa,easy,3918,0,3780,138,4144,31728,,neos-pseudoapplication-86,134.5,neos-5051588-culgoa.mps
neos-5052403-cygnet,easy,32868,32868,0,0,38268,4898304,,neos-pseudoapplication-100,182,neos-5052403-cygnet.mps
neos-5075914-elvire,easy,5003,2638,0,2365,3720,11440,,neos-pseudoapplication-35,323.838787386892,neos-5075914-elvire.mps
neos-5076235-embley,easy,49686,98,0,49588,63112,1089564,,neos-pseudoapplication-17,2362,neos-5076235-embley.mps
neos-5078479-escaut,easy,3471,1330,0,2141,3442,9062,,neos-pseudoapplication-35,9682.33817866806,neos-5078479-escaut.mps
neos-5079731-flyers,easy,49686,98,0,49588,63112,1089564,,neos-pseudoapplication-17,2439.999999949,neos-5079731-flyers.mps
neos-5081619-ganges,easy,66432,7900,0,58532,187024,547574,,neos-pseudoapplication-59,Unbounded,neos-5081619-ganges.mps
neos-5083528-gimone,easy,60315,4792,55509,14,617,384472,,neos-pseudoapplication-67,0,neos-5083528-gimone.mps
neos-5093327-huahum,easy,40640,64,0,40576,51840,784768,,neos-pseudoapplication-17,6259.9999971259,neos-5093327-huahum.mps
neos-5100895-inster,easy,29400,56,0,29344,39760,693168,,neos-pseudoapplication-17,3132,neos-5100895-inster.mps
neos-5102383-irwell,easy,51450,98,0,51352,65464,1213044,,neos-pseudoapplication-17,2210,neos-5102383-irwell.mps
neos-5104907-jarama,hard,345856,9520,0,336336,489818,2053548,,neos-pseudoapplication-24,935,neos-5104907-jarama.mps
neos-5106984-jizera,easy,470050,11410,0,458640,648984,2796682,,neos-pseudoapplication-24,821,neos-5106984-jizera.mps
neos-5107597-kakapo,easy,3114,2976,0,138,6498,19392,,neos-pseudoapplication-54,3644.99999999952,neos-5107597-kakapo.mps
neos-5108386-kalang,easy,600880,12292,0,588588,849226,3585988,,neos-pseudoapplication-104,730,neos-5108386-kalang.mps
neos-5114902-kasavu,hard,710164,14560,0,695604,961170,4240376,,neos-pseudoapplication-104,655,neos-5114902-kasavu.mps
neos-5115478-kaveri,easy,3114,2976,0,138,6498,19392,,neos-pseudoapplication-54,1233.99999999096,neos-5115478-kaveri.mps
neos-5116085-kenana,easy,509236,12376,0,496860,690242,3032792,,neos-pseudoapplication-24,602,neos-5116085-kenana.mps
neos-5118834-korana,easy,470050,11410,0,458640,649124,2796962,,neos-pseudoapplication-24,757,neos-5118834-korana.mps
neos-5118851-kowhai,easy,613152,14112,0,599040,859504,3643968,,neos-pseudoapplication-104,1376,neos-5118851-kowhai.mps
neos-5123665-limmat,easy,655522,13426,0,642096,904358,3911502,,neos-pseudoapplication-104,730,neos-5123665-limmat.mps
neos-5125849-lopori,easy,8130,8040,90,0,453,20938,,neos-pseudoapplication-42,0,neos-5125849-lopori.mps
neos-5129192-manaia,easy,164229,164229,0,0,531569,1599180,,neos-pseudoapplication-51,0,neos-5129192-manaia.mps
neos-5138690-middle,easy,562786,12418,0,550368,776608,3353966,,neos-pseudoapplication-104,739,neos-5138690-middle.mps
neos-5140963-mincio,easy,196,183,0,13,184,834,,neos-pseudoapplication-109,14393,neos-5140963-mincio.mps
neos-5149806-wieprz,easy,33753,33750,3,0,65380,502488,,neos-pseudoapplication-15,21,neos-5149806-wieprz.mps
neos-5151569-mologa,open,108116,22230,0,85886,45671,517666,,neos-pseudoapplication-82,686761063.8031197*,neos-5151569-mologa.mps
neos-5157194-moruya,easy,24557,13302,1681,9574,30175,9381778,,neos-pseudoapplication-41,Infeasible,neos-5157194-moruya.mps
neos-5178119-nalagi,easy,4167,4068,0,99,6921,74476,,neos-pseudoapplication-62,22.73999999763,neos-5178119-nalagi.mps
neos-5182409-nasivi,easy,2005,1600,0,405,580,14884,,neos-pseudoapplication-32,301.99999992,neos-5182409-nasivi.mps
neos-5188808-nattai,easy,14544,288,0,14256,29452,133686,,neos-pseudoapplication-98,0.110283622999984,neos-5188808-nattai.mps
neos-5189128-totara,open,36025,35640,0,385,213702,1012554,,neos-pseudoapplication-101,6459882.26*,neos-5189128-totara.mps
neos-5192052-neckar,easy,180,24,0,156,57,545,,neos-pseudoapplication-74,-11670000,neos-5192052-neckar.mps
neos-5193246-nerang,easy,14546,9792,0,4754,42256,175794,,neos-pseudoapplication-32,0.0382197621728,neos-5193246-nerang.mps
neos-5195221-niemur,easy,14546,9792,0,4754,42256,176586,,neos-pseudoapplication-32,0.0038354326,neos-5195221-niemur.mps
neos-5196530-nuhaka,hard,14544,9792,0,4752,42124,171702,,neos-pseudoapplication-32,0.00682167508856644,neos-5196530-nuhaka.mps
neos-520729,easy,91149,30708,0,60441,31178,322203,,neos-pseudoapplication-50,-1385000.000166,neos-520729.mps
neos-5221106-oparau,open,25445,25120,0,325,13897,245756,,neos-pseudoapplication-46,52.66999999999962*,neos-5221106-oparau.mps
neos-5223573-tarwin,hard,158244,190,0,158054,560182,2166505,,neos-pseudoapplication-19,0.1058,neos-5223573-tarwin.mps
neos-5251015-ogosta,hard,136971,232,0,136739,486531,1955388,,neos-pseudoapplication-19,0.1058,neos-5251015-ogosta.mps
neos-525149,easy,3640,3600,0,40,144120,1519200,,neos-pseudoapplication-110,60.9999999910659,neos-525149.mps
neos-5260764-orauea,hard,12940,12580,0,360,12304,82620,,neos-pseudoapplication-102,82593.1676884061,neos-5260764-orauea.mps
neos-5261882-treska,hard,2900,2730,0,170,2971,19342,,neos-pseudoapplication-102,51614.874,neos-5261882-treska.mps
neos-5266653-tugela,open,23310,22662,0,648,23458,171534,,neos-pseudoapplication-102,65505.2005752763*,neos-5266653-tugela.mps
neos-5273874-yomtsa,hard,136971,232,0,136739,486492,1955349,,neos-pseudoapplication-19,0,neos-5273874-yomtsa.mps
neos-555001,easy,3855,3782,73,0,3474,16649,,neos-pseudoapplication-94,1210625,neos-555001.mps
neos-555343,easy,3815,3800,15,0,3326,16967,,neos-pseudoapplication-15,1512800,neos-555343.mps
neos-555424,easy,3815,3800,15,0,2676,15667,,neos-pseudoapplication-15,1286800,neos-555424.mps
neos-555884,easy,3815,3800,15,0,4331,19067,,neos-pseudoapplication-32,1232700,neos-555884.mps
neos-565672,easy,190589,175361,0,15228,318334,809816,,neos-pseudoapplication-82,90693.549539,neos-565672.mps
neos-574665,easy,740,184,64,492,3790,16792,,neos-pseudoapplication-78,5761665.2169,neos-574665.mps
neos-578379,easy,17010,17010,0,0,21703,101560,,neos-pseudoapplication-42,0,neos-578379.mps
neos-585192,easy,2597,1044,0,1553,2628,72396,,neos-pseudoapplication-92,461.1797,neos-585192.mps
neos-585467,easy,2116,846,0,1270,2166,50058,,neos-pseudoapplication-92,399.3739,neos-585467.mps
neos-595904,easy,4508,1148,0,3360,2452,22364,,neos-pseudoapplication-43,64829.59,neos-595904.mps
neos-619167,easy,3452,400,0,3052,6800,20020,,neos-pseudoapplication-83,1.66489361858996,neos-619167.mps
neos-631517,easy,1090,859,0,231,351,2743,,neos-pseudoapplication-70,11490666.665,neos-631517.mps
neos-631710,easy,167056,167056,0,0,169576,834166,,neos-pseudoapplication-75,203,neos-631710.mps
neos-633273,easy,11154,11154,0,0,21781,63910,,neos-pseudoapplication-10,6996841097.99778,neos-633273.mps
neos-662469,easy,18235,17907,328,0,1085,200055,,neos-pseudoapplication-73,184380,neos-662469.mps
neos-686190,easy,3660,3600,60,0,3664,18085,,neos-pseudoapplication-60,6730,neos-686190.mps
neos-691058,easy,3006,1755,0,1251,2667,30837,,neos-pseudoapplication-110,296.999999999986,neos-691058.mps
neos-738098,easy,9093,8946,0,147,25849,101360,,neos-pseudoapplication-15,-1099,neos-738098.mps
neos-780889,easy,182700,182700,0,0,73910,497210,,neos-pseudoapplication-94,3421500,neos-780889.mps
neos-787933,easy,236376,236376,0,0,1897,298320,,neos-pseudoapplication-36,30,neos-787933.mps
neos-799711,easy,41998,910,0,41088,59218,147164,,neos-pseudoapplication-25,-11170211.734,neos-799711.mps
neos-799716,easy,30619,910,0,29709,40418,99928,,neos-pseudoapplication-1,4932670.66169,neos-799716.mps
neos-807639,easy,1030,80,0,950,1541,5520,,neos-pseudoapplication-79,454.2,neos-807639.mps
neos-820879,easy,9522,9522,0,0,361,72356,,neos-pseudoapplication-23,25468,neos-820879.mps
neos-824661,easy,45390,15640,0,29750,18804,138890,,neos-pseudoapplication-93,33,neos-824661.mps
neos-826224,easy,41820,27540,0,14280,17266,127840,,neos-pseudoapplication-87,121,neos-826224.mps
neos-826650,easy,5912,5792,0,120,2414,20440,,neos-pseudoapplication-87,29,neos-826650.mps
neos-827015,easy,79347,79347,0,0,7688,166239,,neos-pseudoapplication-95,2.31958979,neos-827015.mps
neos-827175,easy,32504,21350,0,11154,14187,110790,,neos-pseudoapplication-87,112.00152,neos-827175.mps
neos-829552,easy,40971,40971,0,0,5153,86952,,neos-pseudoapplication-95,2.31958979,neos-829552.mps
neos-831188,easy,4612,4612,0,0,2185,11256,,neos-pseudoapplication-94,2.61377462,neos-831188.mps
neos-848198,open,10164,462,0,9702,924,29106,,neos-pseudoapplication-3,51797.0*,neos-848198.mps
neos-848589,easy,550539,747,0,549792,1484,1101078,,neos-pseudoapplication-77,2351.40309999697,neos-848589.mps
neos-850681,easy,2594,2479,16,99,2067,37113,,neos-pseudoapplication-12,2472,neos-850681.mps
neos-859770,easy,2504,2504,0,0,2065,880736,,neos-pseudoapplication-81,Infeasible,neos-859770.mps
neos-860300,easy,1385,1384,0,1,850,384329,,neos-pseudoapplication-23,3201,neos-860300.mps
neos-872648,easy,175219,87575,0,87644,93291,350438,,neos-pseudoapplication-61,48.60790603143,neos-872648.mps
neos-873061,easy,175288,87644,0,87644,93360,350576,,neos-pseudoapplication-61,113.6562385063,neos-873061.mps
neos-876808,easy,87268,87268,0,0,85808,682376,,neos-pseudoapplication-62,169795.259907,neos-876808.mps
neos-885086,easy,4860,2430,0,2430,11574,248310,,neos-pseudoapplication-8,-243,neos-885086.mps
neos-885524,easy,91670,91670,0,0,65,258309,,neos-pseudoapplication-100,12320.092,neos-885524.mps
neos-911970,easy,888,840,0,48,107,3408,,neos-pseudoapplication-70,54.76,neos-911970.mps
neos-913984,easy,76000,76000,0,0,1076,152000,,neos-pseudoapplication-2,1000,neos-913984.mps
neos-914441,easy,15007,15006,0,1,15129,59658,,neos-pseudoapplication-75,9347771.99999999,neos-914441.mps
neos-932721,easy,22266,21825,0,441,18085,107908,,neos-pseudoapplication-56,52030,neos-932721.mps
neos-933562,easy,3032,3024,0,8,3200,28800,,neos-pseudoapplication-94,17.9999999999998,neos-933562.mps
neos-933638,easy,32417,28637,0,3780,13658,187173,,neos-pseudoapplication-34,276,neos-933638.mps
neos-933966,easy,31762,27982,0,3780,12047,180618,,neos-pseudoapplication-34,318,neos-933966.mps
neos-935234,easy,10309,7530,0,2779,9568,55271,,neos-pseudoapplication-34,2432,neos-935234.mps
neos-935769,easy,9799,7020,0,2779,6741,36447,,neos-pseudoapplication-34,3010,neos-935769.mps
neos-941313,easy,167910,167910,0,0,13189,484080,,neos-pseudoapplication-81,9360.99999999999,neos-941313.mps
neos-948346,easy,57855,57855,0,0,1570,540443,,neos-pseudoapplication-48,-227.6,neos-948346.mps
neos-950242,easy,5760,5520,240,0,34224,104160,,neos-pseudoapplication-72,4,neos-950242.mps
neos-952987,hard,31329,31329,0,0,354,90384,,neos-pseudoapplication-22,Infeasible,neos-952987.mps
neos-953928,easy,23305,23305,0,0,12498,169861,,neos-pseudoapplication-13,-99.9044444446,neos-953928.mps
neos-954925,hard,84718,84718,0,0,2989,844983,,neos-pseudoapplication-48,-237.7688889,neos-954925.mps
neos-956971,easy,57756,57756,0,0,2527,483560,,neos-pseudoapplication-48,-237.7688889,neos-956971.mps
neos-957143,easy,57756,57756,0,0,2767,497676,,neos-pseudoapplication-48,-237.7688889,neos-957143.mps
neos-957323,easy,57756,57756,0,0,3757,499656,,neos-pseudoapplication-48,-237.7566815,neos-957323.mps
neos-960392,easy,59376,59376,0,0,4744,189503,,neos-pseudoapplication-94,-238,neos-960392.mps
neos-983171,easy,8965,6557,0,2408,6711,36691,,neos-pseudoapplication-34,2360,neos-983171.mps
neos16,easy,377,336,41,0,1018,2801,,neos-pseudoapplication-90,446,neos16.mps
neos17,easy,535,300,0,235,486,4931,,neos-pseudoapplication-66,0.1500025774,neos17.mps
neos18,easy,3312,3312,0,0,11402,24614,,neos-pseudoapplication-49,16,neos18.mps
neos2,easy,2101,1040,0,1061,1103,7326,,neos-pseudoapplication-93,454.86469703,neos2.mps
neos22,easy,3240,454,0,2786,5208,12312,,neos-pseudoapplication-27,779715,neos22.mps
neos4,easy,22884,17172,0,5712,38577,96042,,neos-pseudoapplication-65,-48603440751,neos4.mps
neos5,easy,63,53,0,10,63,2016,,neos-pseudoapplication-21,15,neos5.mps
neos6,easy,8786,8340,0,446,1036,251946,,neos-pseudoapplication-47,83,neos6.mps
neos8,easy,23228,23224,4,0,46324,313180,,neos-pseudoapplication-15,-3719,neos8.mps
neos859080,easy,160,80,80,0,164,1280,,neos-pseudoapplication-96,Infeasible,neos859080.mps
neos9,easy,81408,2099,0,79309,31600,244224,,neos-pseudoapplication-5,797.999999999987,neos9.mps
net12,easy,14115,1603,0,12512,14021,80384,,–,214,net12.mps
netdiversion,easy,129180,129180,0,0,119589,615282,,–,242,netdiversion.mps
newdano,easy,505,56,0,449,576,2184,,dano,65.66666666,newdano.mps
nexp-150-20-1-5,easy,4470,2235,0,2235,4620,11175,,exp_and_fc,66,nexp-150-20-1-5.mps
nexp-150-20-8-5,easy,20115,17880,0,2235,4620,42465,,exp_and_fc,231,nexp-150-20-8-5.mps
nexp-50-20-1-1,easy,490,245,0,245,540,1225,,exp_and_fc,29,nexp-50-20-1-1.mps
nexp-50-20-4-2,easy,1225,980,0,245,540,2695,,exp_and_fc,71,nexp-50-20-4-2.mps
nh97_potential,easy,1180,630,328,222,1916,5748,,–,1418,nh97_potential.mps
nh97_tension,easy,1576,257,361,958,737,5264,,–,1418,nh97_tension.mps
nj1,open,78084,14280,0,63804,97579,321540,,nj,NA,nj1.mps
nj2,open,85224,14280,0,70944,118975,364332,,nj,NA,nj2.mps
nj3,open,85224,14280,0,70944,118986,377422,,nj,NA,nj3.mps
no-ip-64999,easy,2232,2187,45,0,2547,13590,,noip,Infeasible,no-ip-64999.mps
no-ip-65059,easy,2232,2187,45,0,2547,13590,,noip,Infeasible,no-ip-65059.mps
noswot,easy,128,75,25,28,182,735,,–,-41.00000885,noswot.mps
npmv07,easy,220686,1880,0,218806,76342,859614,,–,104809812543.848,npmv07.mps
ns1111636,hard,360822,13200,0,347622,13895,568444,,neos-pseudoapplication-67,162,ns1111636.mps
ns1116954,easy,12648,7482,0,5166,131991,410582,,neos-pseudoapplication-51,0,ns1116954.mps
ns1208400,easy,2883,2880,0,3,4289,81746,,neos-pseudoapplication-108,2,ns1208400.mps
ns1430538,hard,33616,1680,0,31936,34960,178112,,neos-pseudoapplication-76,88,ns1430538.mps
ns1456591,open,8399,8000,19,380,1997,199862,,neos-pseudoapplication-52,988.1405440676191*,ns1456591.mps
ns1631475,open,22696,22470,211,15,24496,116733,,neos-pseudoapplication-75,11100*,ns1631475.mps
ns1644855,easy,30200,10000,0,20200,40698,2110696,,neos-pseudoapplication-76,-1524.33333333333,ns1644855.mps
ns1679495,open,341780,10580,0,331200,14928,1678355,,neos-pseudoapplication-9,2642035.198713481*,ns1679495.mps
ns1690781,open,5736,2880,0,2856,11181,262360,,neos-pseudoapplication-8,-928.078*,ns1690781.mps
ns1760995,easy,17956,17822,0,134,615388,1854012,,neos-pseudoapplication-12,-549.21438505,ns1760995.mps
ns1828997,open,27275,27275,0,0,81725,190670,,neos-pseudoapplication-13,7.99999999999967*,ns1828997.mps
ns1830653,easy,1629,1458,0,171,2932,100933,,neos-pseudoapplication-110,20622,ns1830653.mps
ns1849932,open,128521,128164,0,357,128880,766124,,neos-pseudoapplication-60,632.0*,ns1849932.mps
ns1856153,open,11998,11956,0,42,35407,105882,,neos-pseudoapplication-6,34.16346179965939*,ns1856153.mps
ns1904248,open,38458,38416,0,42,149437,377258,,neos-pseudoapplication-6,37.01762611059417*,ns1904248.mps
ns1905797,open,18192,17676,4,512,51884,239700,,neos-pseudoapplication-102,NA,ns1905797.mps
ns1952667,easy,13264,0,13264,0,41,335643,,neos-pseudoapplication-78,0,ns1952667.mps
ns2034125,easy,12000,9000,0,3000,14401,2549071,,neos-pseudoapplication-67,190020.999999998,ns2034125.mps
ns2071214,easy,2720,2220,0,500,6250,21474,,neos-pseudoapplication-46,507,ns2071214.mps
ns2122698,open,155103,16447,0,138656,139280,424272,,neos-pseudoapplication-93,68749.99988531263*,ns2122698.mps
ns2124243,open,156083,16447,0,139636,139280,429032,,neos-pseudoapplication-93,77460*,ns2124243.mps
ns4-pr6,easy,6919,0,37,6882,2639,20868,,nus-prxy,29314,ns4-pr6.mps
ns930473,open,11328,11176,0,152,23240,121764,,neos-pseudoapplication-46,821466*,ns930473.mps
nsa,easy,388,36,0,352,1297,4204,,–,120,nsa.mps
nsr8k,open,38356,32040,0,6316,6284,371608,,–,17974887.99753601*,nsr8k.mps
nsrand-ipx,easy,6621,6620,0,1,735,223261,,–,51200,nsrand-ipx.mps
nu120-pr12,easy,5868,5832,36,0,2313,17712,,nus-prxy,42215,nu120-pr12.mps
nu120-pr9,easy,7350,7308,42,0,2220,22176,,nus-prxy,24945,nu120-pr9.mps
nu25-pr12,easy,5868,5832,36,0,2313,17712,,nus-prxy,53905,nu25-pr12.mps
nu4-pr9,easy,7350,7308,42,0,2220,22176,,nus-prxy,35520,nu4-pr9.mps
nucorsav,open,55410,49360,0,6050,1812472,26170428,,–,NA,nucorsav.mps
nursesched-medium-hint03,hard,34248,34170,78,0,14062,622800,,nursescheduling,115,nursesched-medium-hint03.mps
nursesched-medium04,easy,29667,29613,54,0,8668,621829,,nursescheduling,237,nursesched-medium04.mps
nursesched-sprint-hidden09,easy,11650,11630,20,0,4872,208050,,nursescheduling,338,nursesched-sprint-hidden09.mps
nursesched-sprint-late03,easy,11690,11670,20,0,5032,208410,,nursescheduling,48,nursesched-sprint-late03.mps
nursesched-sprint02,easy,10250,10230,20,0,3522,204000,,nursescheduling,58,nursesched-sprint02.mps
nw04,easy,87482,87482,0,0,36,636666,,–,16862,nw04.mps
ofi,easy,420434,29705,0,390729,422587,1775809,,–,6155380000,ofi.mps
ofi2,hard,420434,18632,11073,390729,422587,1775809,,–,6153907910.79261,ofi2.mps
oocsp-racks030e6cci,easy,50862,32783,18079,0,92737,232944,,oocsp-racks,0,oocsp-racks030e6cci.mps
oocsp-racks030f7cci,easy,50859,32779,18080,0,92792,233170,,oocsp-racks,Infeasible,oocsp-racks030f7cci.mps
opm2-z10-s4,hard,6250,6250,0,0,160633,371240,,opm2,-33269,opm2-z10-s4.mps
opm2-z12-s8,hard,10800,10800,0,0,319508,725377,,opm2,-58540,opm2-z12-s8.mps
opm2-z6-s1,easy,1350,1350,0,0,15533,41844,,opm2,-6202,opm2-z6-s1.mps
opm2-z7-s8,easy,2023,2023,0,0,31798,79756,,opm2,-11242,opm2-z7-s8.mps
opm2-z8-s0,easy,3200,3200,0,0,63608,152793,,opm2,-15775,opm2-z8-s0.mps
opt1217,easy,769,768,0,1,64,1542,,–,-16.0000000000001,opt1217.mps
osorio-cta,easy,20409,7,0,20402,230,40860,,cta,0.0289392001879041,osorio-cta.mps
p0201,easy,201,201,0,0,133,1923,,pfour,7615,p0201.mps
p200x1188c,easy,2376,1188,0,1188,1388,4752,,pr_product,15078,p200x1188c.mps
p2m2p1m1p0n100,easy,100,100,0,0,1,100,,–,Infeasible,p2m2p1m1p0n100.mps
p500x2988,easy,5976,2988,0,2988,3488,11952,,pr_product,71835.999996,p500x2988.mps
p500x2988c,easy,5976,2988,0,2988,3488,11952,,pr_product,15215,p500x2988c.mps
p500x2988d,easy,5976,2988,0,2988,3488,11952,,pr_product,6,p500x2988d.mps
pb-fit2d,easy,118500,118500,0,0,10525,1575578,,pb-,-20425,pb-fit2d.mps
pb-gfrd-pnc,open,27888,27888,0,0,874,60737,,pb-,8844.0*,pb-gfrd-pnc.mps
pb-grow22,open,25124,25124,0,0,1320,154694,,pb-,-417852.0*,pb-grow22.mps
pb-market-split8-70-4,hard,71,71,0,0,17,1113,,pb-,0,pb-market-split8-70-4.mps
peg-solitaire-a3,easy,4552,4552,0,0,4587,28387,,pegsolitaire,1,peg-solitaire-a3.mps
pg,easy,2700,100,0,2600,125,5200,,–,-8674.34260712,pg.mps
pg5_34,easy,2600,100,0,2500,225,7700,,–,-14339.35345,pg5_34.mps
physiciansched3-3,easy,79555,72141,0,7414,266227,1062479,,physiciansched,2623271.326667,physiciansched3-3.mps
physiciansched3-4,easy,74119,65900,0,8219,239780,908634,,physiciansched,1480386.74666667,physiciansched3-4.mps
physiciansched5-3,easy,14488,11501,0,2987,31925,156378,,physiciansched,21100,physiciansched5-3.mps
physiciansched6-1,easy,126204,104778,0,21426,175664,542098,,physiciansched,28500.99999,physiciansched6-1.mps
physiciansched6-2,easy,111827,109346,0,2481,168336,480259,,physiciansched,49324,physiciansched6-2.mps
pigeon-08,easy,344,272,0,72,601,5176,,pigeon,-7000,pigeon-08.mps
pigeon-10,easy,490,400,0,90,931,8150,,pigeon,-9000,pigeon-10.mps
pigeon-13,easy,754,637,0,117,1561,13871,,pigeon,-12000,pigeon-13.mps
pigeon-16,easy,1072,928,0,144,2353,21104,,pigeon,-15000,pigeon-16.mps
pigeon-20,easy,1580,1400,0,180,3661,33100,,pigeon,-19000,pigeon-20.mps
piperout-03,easy,9526,9373,129,24,12246,39067,,piperout,74982,piperout-03.mps
piperout-08,easy,10399,10245,130,24,14589,44959,,piperout,125055,piperout-08.mps
piperout-27,easy,11659,11514,121,24,18442,54662,,piperout,8123.99999999997,piperout-27.mps
piperout-d20,easy,11961,11788,149,24,15562,190915,,piperout,29948,piperout-d20.mps
piperout-d27,easy,13104,12931,149,24,17470,224457,,piperout,8124,piperout-d27.mps
pizza27i,open,311316,115831,195485,0,359835,642512,,pizza,701882*,pizza27i.mps
pizza78i,open,385067,143886,241181,0,443776,796615,,pizza,564039*,pizza78i.mps
pk1,easy,86,55,0,31,45,915,,–,11,pk1.mps
polygonpack3-15,open,44237,44207,0,30,144478,731949,,polygonpack,-55055595.32367724*,polygonpack3-15.mps
polygonpack4-10,open,20537,20517,0,20,65935,339036,,polygonpack,-53594508.70758325*,polygonpack4-10.mps
polygonpack4-15,open,44237,44207,0,30,144478,731949,,polygonpack,-63613612.41121812*,polygonpack4-15.mps
polygonpack4-7,open,10788,10774,0,14,34529,178591,,polygonpack,-51837707.95034043*,polygonpack4-7.mps
polygonpack5-15,open,48163,48133,0,30,163429,804740,,polygonpack,-55494653.8357854*,polygonpack5-15.mps
ponderthis0517-inf,easy,975,975,0,0,78,2925,,–,Infeasible,ponderthis0517-inf.mps
probportfolio,hard,320,300,0,20,302,6620,,–,16.734246764,probportfolio.mps
prod1,easy,250,149,0,101,208,5350,,–,-56,prod1.mps
prod2,easy,301,200,0,101,211,10501,,–,-62,prod2.mps
proteindesign121hz512p19,open,2589931,2589840,91,0,301,10331137,,proteindesign,3382.0*,proteindesign121hz512p19.mps
proteindesign121hz512p9,easy,159145,159054,91,0,301,629449,,proteindesign,1473,proteindesign121hz512p9.mps
proteindesign121pgb11p9,easy,132672,132594,78,0,254,524690,,proteindesign,1209,proteindesign121pgb11p9.mps
proteindesign122trx11p8,easy,127326,127248,78,0,254,503427,,proteindesign,1747,proteindesign122trx11p8.mps
pw-myciel4,easy,1059,1058,1,0,8164,17779,,–,10,pw-myciel4.mps
pythago7824,hard,3740,3740,0,0,14652,43956,,–,0,pythago7824.mps
pythago7825,open,3745,3745,0,0,14672,44016,,–,NA,pythago7825.mps
qap10,easy,4150,4150,0,0,1820,18200,,–,339.999999998387,qap10.mps
qiu,easy,840,48,0,792,1192,3432,,–,-132.87313695,qiu.mps
qnet1,easy,1541,1288,129,124,503,4622,,–,16029.692681,qnet1.mps
qnet1_o,easy,1541,1288,129,124,456,4214,,–,16029.692681,qnet1_o.mps
queens-30,hard,900,900,0,0,960,93440,,–,-40,queens-30.mps
r4l4-02-tree-bounds-50,open,11468,1938,2830,6700,4768,19072,,–,499132179.0015595*,r4l4-02-tree-bounds-50.mps
r50x360,easy,720,360,0,360,410,1440,,pr_product,1653,r50x360.mps
radiationm18-12-05,easy,40623,14688,11247,14688,40935,96149,,radiation,17566,radiationm18-12-05.mps
radiationm40-10-02,hard,172013,62400,47213,62400,173603,406825,,radiation,155328,radiationm40-10-02.mps
rail01,easy,117527,117527,0,0,46843,392086,,rail0,-70.5699643,rail01.mps
rail02,easy,270869,270869,0,0,95791,756228,,rail0,-200.4499077,rail02.mps
rail03,hard,758775,758775,0,0,253905,1728451,,rail0,-867.093965444446,rail03.mps
rail507,easy,63019,63009,0,10,509,468878,,–,174,rail507.mps
railway_8_1_0,easy,1796,1177,0,619,2527,7098,,–,400,railway_8_1_0.mps
ramos3,open,2187,2187,0,0,2187,32805,,–,186.0*,ramos3.mps
ran12x21,easy,504,252,0,252,285,1008,,ran,3663.99999998096,ran12x21.mps
ran13x13,easy,338,169,0,169,195,676,,ran,3252,ran13x13.mps
ran14x18-disj-8,easy,504,252,0,252,447,10277,,ran,3712,ran14x18-disj-8.mps
rd-rplusc-21,easy,622,457,0,165,125899,852384,,–,165395.275295,rd-rplusc-21.mps
reblock115,easy,1150,1150,0,0,4735,13724,,reblock,-36800603.2332,reblock115.mps
reblock166,easy,1660,1660,0,0,17024,39442,,reblock,-600052168.91,reblock166.mps
reblock354,hard,3540,3540,0,0,19906,52901,,reblock,-39280521.2281657,reblock354.mps
reblock420,easy,4200,4200,0,0,62800,138670,,reblock,-517793000,reblock420.mps
rentacar,easy,9557,55,0,9502,6803,41842,,–,30356760.9837932,rentacar.mps
rfds-4-days,open,2184028,190080,0,1993948,1766257,10464790,,–,-1129724.084400019*,rfds-4-days.mps
rlp1,easy,461,450,0,11,68,836,,–,14.9999999999092,rlp1.mps
rmatr100-p10,easy,7359,100,0,7259,7260,21877,,rmatr,423,rmatr100-p10.mps
rmatr100-p5,easy,8784,100,0,8684,8685,26152,,rmatr,976,rmatr100-p5.mps
rmatr200-p10,hard,35254,200,0,35054,35055,105362,,rmatr,2017,rmatr200-p10.mps
rmatr200-p20,hard,29605,200,0,29405,29406,88415,,rmatr,837,rmatr200-p20.mps
rmatr200-p5,easy,37816,200,0,37616,37617,113048,,rmatr,4521,rmatr200-p5.mps
rmine11,open,12292,12292,0,0,97389,241240,,rmine,-2508.404144*,rmine11.mps
rmine13,open,23980,23980,0,0,197155,485784,,rmine,-3495.3706624382535*,rmine13.mps
rmine15,open,42438,42438,0,0,358395,879732,,rmine,-5018.819990999996*,rmine15.mps
rmine21,open,162547,162547,0,0,1441651,3514884,,rmine,-10618.75083837232*,rmine21.mps
rmine25,open,326599,326599,0,0,2953849,7182744,,rmine,-15541.66928749976*,rmine25.mps
rocI-3-11,easy,5132,3894,762,476,8165,20540,,rocI,-50403,rocI-3-11.mps
rocI-4-11,easy,6839,5192,1016,631,10883,27383,,rocI,-6020203,rocI-4-11.mps
rocII-10-11,open,22968,22616,0,352,52692,604216,,rocI,-11.79399274280434*,rocII-10-11.mps
rocII-5-11,easy,11523,11341,0,182,26897,303291,,rocI,-6.675504731538,rocII-5-11.mps
rocII-8-11,open,18390,18106,0,284,42374,483846,,rocI,-8.739845350261154*,rocII-8-11.mps
rococoB10-011000,easy,4456,4320,136,0,1667,16517,,rococo,19449,rococoB10-011000.mps
rococoC10-001000,easy,3117,2993,124,0,1293,11751,,rococo,11460,rococoC10-001000.mps
rococoC11-010100,hard,12321,12155,166,0,4010,46955,,rococo,20889,rococoC11-010100.mps
rococoC11-011100,easy,6491,6325,166,0,2367,30472,,rococo,20889,rococoC11-011100.mps
rococoC12-010001,hard,16741,16554,187,0,4636,59832,,rococo,34045,rococoC12-010001.mps
roi2alpha3n4,easy,6816,6642,0,174,1251,878812,,–,-63.20849503,roi2alpha3n4.mps
roi5alpha10n8,easy,106150,105950,0,200,4665,2370224,,–,-52.322274351,roi5alpha10n8.mps
roll3000,easy,1166,246,492,428,2295,29386,,–,12889.999992,roll3000.mps
rout,easy,556,300,15,241,291,2431,,–,1077.56,rout.mps
rpp22falsei,easy,25462,10276,15056,130,33269,56547,,rpp,0,rpp22falsei.mps
rvb-sub,hard,33765,33763,0,2,225,984143,,–,16.08499802,rvb-sub.mps
rwth-timetable,open,923564,317079,0,606485,440134,4510786,,–,772999.0*,rwth-timetable.mps
s100,hard,364417,364417,0,0,14733,1777917,,Spinoza,-0.1697235270583,s100.mps
s1234,hard,2945,2945,0,0,8418,44641,,SiweiSun,29,s1234.mps
s250r10,easy,273142,273139,0,3,10962,1318607,,Spinoza,-0.1717804834232,s250r10.mps
s55,easy,78141,78137,0,4,9892,317902,,Spinoza,-22.15177316,s55.mps
s82,open,1690631,1690577,0,54,87878,7022608,,Spinoza,-33.78523764658873*,s82.mps
satellites2-25,easy,35378,34324,0,1054,20916,283668,,satellites,-19,satellites2-25.mps
satellites2-40,easy,35378,34324,0,1054,20916,283668,,satellites,-19,satellites2-40.mps
satellites2-60-fs,easy,35378,34324,0,1054,16516,125048,,satellites,-19.0000000001,satellites2-60-fs.mps
satellites3-25,easy,81681,79961,0,1720,44804,698176,,satellites,-25,satellites3-25.mps
satellites4-25,easy,95637,93747,0,1890,51712,821192,,satellites,-25,satellites4-25.mps
savsched1,easy,328575,252731,0,75844,295989,1770507,,–,3217.7,savsched1.mps
scpj4scip,open,99947,99947,0,0,1000,999893,,scp,128*,scpj4scip.mps
scpk4,open,100000,100000,0,0,2000,1000000,,scp,318.0*,scpk4.mps
scpl4,open,200000,200000,0,0,2000,2000000,,scp,259.0*,scpl4.mps
scpm1,open,500000,500000,0,0,5000,6250000,,scp,542.0*,scpm1.mps
scpn2,open,1000000,1000000,0,0,5000,12500000,,scp,489.0*,scpn2.mps
sct1,open,22886,10312,0,12574,12154,105571,,sct,-187.527650839031*,sct1.mps
sct2,easy,5885,2872,0,3013,2151,23643,,sct,-230.9891623,sct2.mps
sct31,easy,8515,5520,0,2995,3932,68453,,sct,-29.3170916356636,sct31.mps
sct32,hard,9767,7728,0,2039,5440,109654,,sct,-17.8875590846509,sct32.mps
sct5,open,37265,23004,0,14261,13304,147037,,sct,-228.1172303718*,sct5.mps
seqsolve1,open,207665,123834,82835,996,242243,1027681,,seqsolve,4277.0*,seqsolve1.mps
seqsolve2short4288,open,207665,123834,82835,996,242244,1028179,,seqsolve,83.9999999999994*,seqsolve2short4288.mps
seqsolve3short4288excess384,open,207665,123834,82835,996,242245,1028677,,seqsolve,-40015.0*,seqsolve3short4288excess384.mps
set3-09,open,4019,1424,0,2595,3747,13747,,set3,176497.15*,set3-09.mps
set3-10,hard,4019,1424,0,2595,3747,13747,,set3,185179.043049708,set3-10.mps
set3-15,hard,4019,1424,0,2595,3747,13747,,set3,124886,set3-15.mps
set3-16,open,4019,1424,0,2595,3747,13747,,set3,134040.4097522878*,set3-16.mps
set3-20,hard,4019,1424,0,2595,3747,13747,,set3,159462.572721458,set3-20.mps
seymour,easy,1372,1372,0,0,4944,33549,,–,423,seymour.mps
seymour1,easy,1372,451,0,921,4944,33549,,–,410.76370139,seymour1.mps
shiftreg1-4,easy,10008,3912,0,6096,8136,29976,,shiftreg,132.66969396,shiftreg1-4.mps
shiftreg2-7,hard,11404,4152,0,7252,8540,34900,,shiftreg,230.326187744737,shiftreg2-7.mps
shiftreg5-1,open,48736,10608,0,38128,31424,157504,,shiftreg,522.1155479894852*,shiftreg5-1.mps
shipsched,open,13594,10549,0,3045,45554,121571,,–,111919.8337342348*,shipsched.mps
shipschedule3shipsi,easy,10513,4817,4343,1353,16727,31243,,shipschedule,-265650,shipschedule3shipsi.mps
shipschedule6shipsmixi,easy,18770,10310,7104,1356,27823,55903,,shipschedule,-301650,shipschedule6shipsmixi.mps
shipschedule8shipsmixuci,easy,25206,13635,9763,1808,37821,75480,,shipschedule,-389100,shipschedule8shipsmixuci.mps
shs1014,open,444474,1296,440754,2424,134322,1046077,,shs,22671.19742691877*,shs1014.mps
shs1023,hard,444625,1296,440899,2430,133944,1044725,,shs,13136.636273,shs1023.mps
shs1042,open,467589,864,464295,2430,133377,1114011,,shs,11070.7015802402*,shs1042.mps
siena1,open,13741,11775,0,1966,2220,258915,,–,10341586.2*,siena1.mps
sing11,open,175352,165337,0,10015,105858,479075,,sing,19108639.4603942*,sing11.mps
sing17,open,452787,432541,0,20246,266802,1205830,,sing,36161699.37883251*,sing17.mps
sing326,easy,55156,40010,0,15146,50781,268173,,sing,7753674.85376,sing326.mps
sing44,easy,59708,43524,0,16184,54745,281260,,sing,8128831.1772,sing44.mps
sing5,open,154463,146210,0,8253,92183,408715,,sing,18778435.60767737*,sing5.mps
snip10x10-35r1budget17,hard,47611,63,0,47548,213801,475334,,–,72.3086203570709,snip10x10-35r1budget17.mps
snp-02-004-104,easy,228350,167,167,228016,126512,463941,,supplynetworkplanning,586803238.656729,snp-02-004-104.mps
snp-04-052-052,open,221438,4546,4546,212346,129662,459205,,supplynetworkplanning,881873004.9624411*,snp-04-052-052.mps
snp-06-004-052,open,328461,494,494,327473,183168,668716,,supplynetworkplanning,1869531794.272782*,snp-06-004-052.mps
snp-10-004-052,open,538777,815,815,537147,300348,1097779,,supplynetworkplanning,5906642768.072535*,snp-10-004-052.mps
snp-10-052-052,open,549021,11059,11059,526903,320836,1138755,,supplynetworkplanning,6059865443.559938*,snp-10-052-052.mps
sorrell3,easy,1024,1024,0,0,169162,338324,,independentset,-16,sorrell3.mps
sorrell4,hard,2048,2048,0,0,504451,1008902,,independentset,-24,sorrell4.mps
sorrell7,open,2048,2048,0,0,78848,157696,,independentset,-198.0*,sorrell7.mps
sorrell8,easy,2046,2046,0,0,18944,37888,,independentset,-350,sorrell8.mps
sp150x300d,easy,600,300,0,300,450,1200,,sp_product,69,sp150x300d.mps
sp97ar,easy,14101,14101,0,0,1761,290968,,sp9,660705645.759,sp97ar.mps
sp97ic,easy,12497,12497,0,0,1033,316629,,sp9,427684487.68,sp97ic.mps
sp98ar,easy,15085,15085,0,0,1435,426148,,sp9,529740623.2,sp98ar.mps
sp98ic,easy,10894,10894,0,0,825,316317,,sp9,449144758.4,sp98ic.mps
sp98ir,easy,1680,992,688,0,1531,71704,,sp9,219676790.4,sp98ir.mps
splan1,open,1317382,90810,1978,1224594,572800,5233840,,–,-194371.1446680003*,splan1.mps
splice1k1,easy,3253,3252,1,0,6505,1761016,,splice,-394,splice1k1.mps
splice1k1i,hard,19513,6504,13009,0,22765,1780528,,splice,-394,splice1k1i.mps
square23,easy,11660,11638,22,0,7887,898813,,square,13,square23.mps
square31,easy,28860,28830,30,0,19435,3937200,,square,15,square31.mps
square37,easy,49320,49284,36,0,33150,9475672,,square,14.9999997973,square37.mps
square41,easy,62234,62197,37,0,40160,13566426,,square,15,square41.mps
square47,easy,95030,94987,43,0,61591,27329856,,square,15.9999999997877,square47.mps
stein15inf,easy,15,15,0,0,37,135,,stein,Infeasible,stein15inf.mps
stein45inf,easy,45,45,0,0,332,1079,,stein,Infeasible,stein45inf.mps
stein9inf,easy,9,9,0,0,14,54,,stein,Infeasible,stein9inf.mps
stoch-vrpvrp-s5v2c8vrp-v2c8i,hard,8436,1485,734,6217,13813,26231,,vrp,330,stoch-vrpvrp-s5v2c8vrp-v2c8i.mps
stockholm,open,20644,962,0,19682,57346,171076,,–,120.9999950202855*,stockholm.mps
stp3d,hard,204880,204880,0,0,159488,662128,,–,493.71965,stp3d.mps
supportcase1,easy,29999,29799,200,0,59997,189292,,–,20078,supportcase1.mps
supportcase10,hard,14770,14770,0,0,165684,555082,,–,7,supportcase10.mps
supportcase11,easy,8066286,8066286,0,0,15270211,32602332,,–,-14.281996107,supportcase11.mps
supportcase12,easy,799616,0,200,799416,166781,2334437,,–,-7559.533053817,supportcase12.mps
supportcase14,easy,304,304,0,0,234,1129,,–,288,supportcase14.mps
supportcase16,easy,319,319,0,0,130,1076,,–,288,supportcase16.mps
supportcase17,easy,1381,732,235,414,2108,5253,,–,1330,supportcase17.mps
supportcase18,easy,13410,13410,0,0,240,28920,,–,48,supportcase18.mps
supportcase19,hard,1429098,1311292,117806,0,10713,4287094,,–,12677205.9999205,supportcase19.mps
supportcase2,open,2912,2912,0,0,597385,7653928,,–,65*,supportcase2.mps
supportcase20,easy,903,300,0,603,903,46955,,–,45592,supportcase20.mps
supportcase21i,easy,27,24,3,0,7540,95325,,–,20,supportcase21i.mps
supportcase22,open,7129,7129,0,0,260602,2228828,,–,110.0*,supportcase22.mps
supportcase23,open,24275,6250,0,18025,40502,161525,,–,-12160.6593559088*,supportcase23.mps
supportcase25,easy,6769,576,0,6193,6673,22825,,–,0.04829280869043,supportcase25.mps
supportcase26,easy,436,396,0,40,870,2492,,–,1745.123813,supportcase26.mps
supportcase27i,easy,3185,912,1675,598,3912,7053,,–,1330,supportcase27i.mps
supportcase28i,easy,7560,24,7536,0,15073,93811,,–,20,supportcase28i.mps
supportcase29,easy,12050,12050,0,0,12441,96050,,–,Infeasible,supportcase29.mps
supportcase3,easy,4191,4191,0,0,12702,53470,,–,0,supportcase3.mps
supportcase30,open,1024,1024,0,0,1028,12288,,–,NA,supportcase30.mps
supportcase31,open,488882,488760,0,122,26195,1833861,,–,-3720096.382*,supportcase31.mps
supportcase33,easy,20203,20102,101,0,20489,211915,,–,-345,supportcase33.mps
supportcase34,easy,17879,11196,6682,1,15170,748887,,–,83.99999986,supportcase34.mps
supportcase35,open,12941,576,0,12365,6334,29908,,–,-314.500022917186*,supportcase35.mps
supportcase37,easy,20047,1484,0,18563,59023,135627,,–,-1048.96,supportcase37.mps
supportcase38,open,6296679,2505,0,6294174,4231124,15728584,,–,32873.9683458331*,supportcase38.mps
supportcase39,open,1025,0,1024,1,16384,398774,,–,-1085080.906934894*,supportcase39.mps
supportcase4,easy,3162,3162,0,0,9492,38036,,–,0,supportcase4.mps
supportcase40,easy,16440,2000,0,14440,38192,104420,,–,24256.3122898,supportcase40.mps
supportcase41,open,4725,2000,0,2725,28923,221321,,–,32.00076832127569*,supportcase41.mps
supportcase42,easy,19466,0,1026,18440,18439,435653,,–,7.75863072227,supportcase42.mps
supportcase43,easy,209232,201,0,209031,215032,1044485,,–,0,supportcase43.mps
supportcase6,easy,130052,130051,1,0,771,584976,,–,51906.47737,supportcase6.mps
supportcase7,easy,138844,451,14,138379,6532,2845545,,–,-1132.223177,supportcase7.mps
swath,hard,6805,6724,0,81,884,34965,,swath,467.407491,swath.mps
swath1,easy,6805,2306,0,4499,884,34965,,swath,379.07129575,swath1.mps
swath2,easy,6805,2406,0,4399,884,34965,,swath,385.19969295,swath2.mps
swath3,easy,6805,2706,0,4099,884,34965,,swath,397.76134365,swath3.mps
t11nonreg,easy,4596905,4570985,8640,17280,27375,46841437,,–,1029039.49999997,t11nonreg.mps
t1717,open,73885,73885,0,0,551,325689,,–,158260*,t1717.mps
t1722,open,36630,36630,0,0,338,133096,,–,108953.0*,t1722.mps
ta1-UUM,easy,2288,0,605,1683,439,5654,,network_design,7518328.2,ta1-UUM.mps
ta2-UUE,easy,9241,1188,0,8053,2687,26533,,network_design,37871728.59,ta2-UUE.mps
tanglegram4,easy,56048,56048,0,0,110404,331212,,huefner,10696,tanglegram4.mps
tanglegram6,easy,9182,9182,0,0,17712,53136,,huefner,1224,tanglegram6.mps
tbfp-bigm,hard,2406,2404,0,2,35999,74338,,–,24.163194443,tbfp-bigm.mps
tbfp-network,easy,72747,72747,0,0,2436,215837,,–,24.16319444,tbfp-network.mps
Test3,easy,72215,33143,0,39072,50680,617867,,–,2673520.21135,Test3.mps
thor50dday,hard,106261,53131,0,53130,53360,212060,,–,40417,thor50dday.mps
timtab1,easy,397,77,94,226,171,829,,timtab,764771.99999978,timtab1.mps
timtab1CUTS,easy,397,77,94,226,371,1742,,timtab,764771.999999786,timtab1CUTS.mps
tokyometro,open,4537,2496,2041,0,7719,26958,,–,8263.099999999999*,tokyometro.mps
toll-like,easy,2883,2883,0,0,4408,13224,,huefner,610,toll-like.mps
tpl-tub-ss16,hard,595066,570303,0,24763,901872,3687098,,–,150501,tpl-tub-ss16.mps
tpl-tub-ws1617,open,747601,713749,0,33852,1154615,4720567,,–,121067.0*,tpl-tub-ws1617.mps
tr12-30,easy,1080,360,0,720,750,2508,,–,130596,tr12-30.mps
traininstance2,easy,12890,5278,2602,5010,15603,41531,,traininstance,71820,traininstance2.mps
traininstance6,easy,10218,4154,2056,4008,12309,32785,,traininstance,28290,traininstance6.mps
transportmoment,easy,9685,2456,0,7229,9616,29541,,–,-3063103721.717,transportmoment.mps
trento1,easy,7687,6415,0,1272,1265,93571,,–,5189487,trento1.mps
triptim1,easy,30055,20456,9592,7,15706,515436,,triptim,22.8680999999999,triptim1.mps
triptim2,hard,27326,20776,6543,7,14427,521898,,triptim,12.0051,triptim2.mps
triptim4,hard,27226,18537,8682,7,14361,520532,,triptim,9.81809999980032,triptim4.mps
triptim7,easy,27342,18619,8716,7,14427,521944,,triptim,2566.02,triptim7.mps
triptim8,hard,27342,18619,8716,7,14427,521945,,triptim,2566.06599999964,triptim8.mps
tw-myciel4,hard,760,759,1,0,8146,27961,,–,10,tw-myciel4.mps
uc720-7-4-4-8,easy,1405278,269009,0,1136269,4308353,11856350,,–,Infeasible,uc720-7-4-4-8.mps
uccase10,open,110818,16800,0,94018,196498,787045,,uccase,39133.6229762502*,uccase10.mps
uccase12,easy,62529,9072,0,53457,121161,419447,,uccase,11507.4050616,uccase12.mps
uccase7,hard,33020,7224,0,25796,47132,335644,,uccase,26834.2842733101,uccase7.mps
uccase8,easy,37413,9576,0,27837,53709,214625,,uccase,11167.74532,uccase8.mps
uccase9,easy,33242,8064,0,25178,49565,332316,,uccase,10993.131409,uccase9.mps
uct-subprob,easy,2256,379,0,1877,1973,10147,,–,314,uct-subprob.mps
umts,easy,2947,2802,72,73,4465,22872,,–,30090328,umts.mps
unitcal_7,easy,25755,2856,0,22899,48939,127595,,–,19635558.244,unitcal_7.mps
usAbbrv-8-25_70,hard,2312,1681,0,631,3291,9628,,–,120,usAbbrv-8-25_70.mps
usafa,easy,228648,216357,12291,0,1377561,16485102,,–,160.167135676179,usafa.mps
v150d30-2hopcds,hard,150,150,0,0,7822,103991,,2hopcds,41,v150d30-2hopcds.mps
van,hard,12481,192,0,12289,27331,487296,,–,4.57384993378808,van.mps
var-smallemery-m6j6,easy,5608,5606,0,2,13416,850621,,–,-149.37501,var-smallemery-m6j6.mps
vpphard,easy,51471,51471,0,0,47280,372305,,–,5,vpphard.mps
vpphard2,easy,199999,199999,0,0,198450,648340,,–,81,vpphard2.mps
wachplan,easy,3361,3360,1,0,1553,89361,,–,-8,wachplan.mps
wnq-n100-mw99-14,hard,10000,10000,0,0,656900,1333400,,–,259,wnq-n100-mw99-14.mps
woodlands09,hard,382147,382119,28,0,194599,2646003,,timetabling,0,woodlands09.mps
xmas10,open,8100,900,0,7200,9080,43635,,–,-497.0*,xmas10.mps
xmas10-2,open,8100,900,0,7200,8184,35561,,–,-497*,xmas10-2.mps
z26,open,17937,17937,0,0,850513,1715613,,–,-1195.0*,z26.mps
zeil,open,70116,5314,0,64802,81558,1628941,,–,1086.261999999988*,zeil.mps
r-stop-dp-r50_4,,,,,,,,,,0,
r-stop-dp-rc100_1,,,,,,,,,,0,
